id,group_id,task_type,block,trial,stim_type,stim_index,resp_index,correct,good_timing,t_proposed_prep,t_prep,missed_stim_deadline,day
sub19,7,forced,2,1,motor,1,1,0,0,1.200,0.472,0,8
sub19,7,forced,2,2,motor,5,5,1,1,0.500,0.478,0,8
sub19,7,forced,2,3,motor,4,4,0,0,0.200,0.349,0,8
sub19,7,forced,2,4,motor,2,2,1,1,0.300,0.304,0,8
sub19,7,forced,2,5,motor,3,3,1,1,0.800,0.738,0,8
sub19,7,forced,2,6,motor,2,2,1,1,0.500,0.466,0,8
sub19,7,forced,2,7,motor,3,3,1,1,0.400,0.456,0,8
sub19,7,forced,2,8,motor,7,7,0,0,0.300,0.486,0,8
sub19,7,forced,2,9,motor,8,8,1,1,1.100,1.090,0,8
sub19,7,forced,2,10,motor,4,4,1,1,0.700,0.682,0,8
sub19,7,forced,2,11,motor,3,3,0,0,0.300,0.432,0,8
sub19,7,forced,2,12,motor,6,6,1,1,0.500,0.413,0,8
sub19,7,forced,2,13,motor,4,4,0,0,0.200,0.375,0,8
sub19,7,forced,2,14,motor,7,7,1,1,0.900,0.841,0,8
sub19,7,forced,2,15,motor,6,6,1,1,1.100,1.036,0,8
sub19,7,forced,2,16,motor,2,2,0,0,0.200,0.328,0,8
sub19,7,forced,2,17,motor,4,4,0,0,0.100,0.311,0,8
sub19,7,forced,2,18,motor,2,2,0,0,0.100,0.297,0,8
sub19,7,forced,2,19,motor,6,4,0,0,0.100,0.253,0,8
sub19,7,forced,2,20,motor,1,1,1,1,1,0.957,0,8
sub19,7,forced,5,1,learn,3,3,0,0,1.200,6.929,0,8
sub19,7,forced,5,2,learn,4,4,1,1,0.500,0.589,0,8
sub19,7,forced,5,3,learn,7,7,0,0,0.200,0.576,0,8
sub19,7,forced,5,4,learn,7,7,1,1,0.300,0.314,0,8
sub19,7,forced,5,5,learn,3,3,1,1,0.800,0.760,0,8
sub19,7,forced,5,6,learn,3,3,0,0,0.500,0.670,0,8
sub19,7,forced,5,7,learn,8,8,0,0,0.400,0.539,0,8
sub19,7,forced,5,8,learn,6,2,0,0,0.300,0.615,0,8
sub19,7,forced,5,9,learn,4,8,0,1,1.100,1.183,0,8
sub19,7,forced,5,10,learn,4,4,0,0,0.700,0.553,0,8
sub19,7,forced,5,11,learn,2,2,0,0,0.300,0.621,0,8
sub19,7,forced,5,12,learn,1,2,0,1,0.500,0.538,0,8
sub19,7,forced,5,13,learn,3,1,0,1,0.200,0.286,0,8
sub19,7,forced,5,14,learn,1,1,1,1,0.900,0.801,0,8
sub19,7,forced,5,15,learn,6,6,0,0,1.100,1.201,0,8
sub19,7,forced,5,16,learn,5,7,0,1,0.200,0.262,0,8
sub19,7,forced,5,17,learn,4,4,0,0,0.100,0.739,0,8
sub19,7,forced,5,18,learn,6,2,0,0,0.100,0.713,0,8
sub19,7,forced,5,19,learn,6,7,0,1,0.100,0.110,0,8
sub19,7,forced,5,20,learn,5,1,0,1,1,1.056,0,8
sub19,7,forced,5,21,learn,1,1,1,1,0.100,0.180,0,8
sub19,7,forced,5,22,learn,2,3,0,0,0.200,0.680,0,8
sub19,7,forced,5,23,learn,6,6,1,1,1,0.945,0,8
sub19,7,forced,5,24,learn,3,3,0,0,0.500,0.666,0,8
sub19,7,forced,5,25,learn,6,7,0,1,0.300,0.299,0,8
sub19,7,forced,5,26,learn,5,5,1,1,0.700,0.635,0,8
sub19,7,forced,5,27,learn,4,4,0,0,0.600,0.727,0,8
sub19,7,forced,5,28,learn,6,6,1,1,1,0.928,0,8
sub19,7,forced,5,29,learn,3,3,1,1,0.200,0.217,0,8
sub19,7,forced,5,30,learn,5,5,1,1,1,0.909,0,8
sub19,7,forced,5,31,learn,4,4,1,1,0.700,0.776,0,8
sub19,7,forced,5,32,learn,6,2,0,0,0.600,0.724,0,8
sub19,7,forced,5,33,learn,3,3,0,0,0.900,1.057,0,8
sub19,7,forced,5,34,learn,4,6,0,1,0.100,0.171,0,8
sub19,7,forced,5,35,learn,7,7,0,0,0.600,1.210,0,8
sub19,7,forced,5,36,learn,5,3,0,0,0.500,0.676,0,8
sub19,7,forced,5,37,learn,2,2,1,1,0.800,0.899,0,8
sub19,7,forced,5,38,learn,7,7,0,0,0.400,0.764,0,8
sub19,7,forced,5,39,learn,1,1,0,0,0.100,2.581,0,8
sub19,7,forced,5,40,learn,2,2,1,1,0.600,0.633,0,8
sub19,7,forced,5,41,learn,7,7,0,0,0.300,0.449,0,8
sub19,7,forced,5,42,learn,8,6,0,1,0.100,0.134,0,8
sub19,7,forced,5,43,learn,2,2,0,0,0.500,0.626,0,8
sub19,7,forced,5,44,learn,4,4,1,1,1.200,1.092,0,8
sub19,7,forced,5,45,learn,8,7,0,0,0.400,0.744,0,8
sub19,7,forced,5,46,learn,1,1,1,1,0.800,0.797,0,8
sub19,7,forced,5,47,learn,4,4,0,0,0.400,0.648,0,8
sub19,7,forced,5,48,learn,5,5,0,0,0.400,0.562,0,8
sub19,7,forced,5,49,learn,3,3,0,0,0.500,0.791,0,8
sub19,7,forced,5,50,learn,6,6,1,1,1,1.014,0,8
sub19,7,forced,5,51,learn,6,6,1,1,1.200,1.163,0,8
sub19,7,forced,5,52,learn,1,1,1,1,0.900,0.877,0,8
sub19,7,forced,5,53,learn,3,7,0,1,0.700,0.657,0,8
sub19,7,forced,5,54,learn,8,8,1,1,1,0.958,0,8
sub19,7,forced,5,55,learn,3,3,0,0,0.200,1.057,0,8
sub19,7,forced,5,56,learn,5,5,0,0,0.400,0.516,0,8
sub19,7,forced,5,57,learn,7,7,0,0,0.200,0.906,0,8
sub19,7,forced,5,58,learn,5,5,1,1,1.200,1.118,0,8
sub19,7,forced,5,59,learn,7,7,0,0,0.100,0.900,0,8
sub19,7,forced,5,60,learn,8,8,0,0,0.400,0.604,0,8
sub19,7,forced,5,61,learn,4,5,0,1,0.100,0.063,0,8
sub19,7,forced,5,62,learn,5,6,0,1,0.800,0.889,0,8
sub19,7,forced,5,63,learn,5,5,0,0,0.900,0.794,0,8
sub19,7,forced,5,64,learn,6,6,0,0,0.100,1.125,0,8
sub19,7,forced,5,65,learn,4,4,0,0,0.500,0.796,0,8
sub19,7,forced,5,66,learn,4,4,1,1,0.900,0.919,0,8
sub19,7,forced,5,67,learn,3,3,0,0,0.100,2.445,0,8
sub19,7,forced,5,68,learn,8,8,0,0,0.700,0.974,0,8
sub19,7,forced,5,69,learn,3,6,0,0,1,0.836,0,8
sub19,7,forced,5,70,learn,4,4,0,0,0.400,0.632,0,8
sub19,7,forced,5,71,learn,1,1,1,1,0.500,0.541,0,8
sub19,7,forced,5,72,learn,7,7,1,1,0.900,0.945,0,8
sub19,7,forced,5,73,learn,3,3,0,0,0.100,0.859,0,8
sub19,7,forced,5,74,learn,2,2,1,1,0.900,0.975,0,8
sub19,7,forced,5,75,learn,4,4,0,0,0.400,0.626,0,8
sub19,7,forced,5,76,learn,2,2,0,0,0.600,1.307,0,8
sub19,7,forced,5,77,learn,7,7,0,0,0.100,0.918,0,8
sub19,7,forced,5,78,learn,1,1,0,0,0.600,0.828,0,8
sub19,7,forced,5,79,learn,5,5,1,1,0.800,0.745,0,8
sub19,7,forced,5,80,learn,3,7,0,0,0.600,0.812,0,8
sub19,7,forced,5,81,learn,1,3,0,0,0.500,0.211,0,8
sub19,7,forced,5,82,learn,4,4,0,0,0.100,0.679,0,8
sub19,7,forced,5,83,learn,5,5,0,0,0.100,0.559,0,8
sub19,7,forced,5,84,learn,2,2,0,0,0.500,1.604,0,8
sub19,7,forced,5,85,learn,4,4,1,1,0.900,0.866,0,8
sub19,7,forced,5,86,learn,3,3,1,1,1.100,1.105,0,8
sub19,7,forced,5,87,learn,8,8,0,0,0.300,0.568,0,8
sub19,7,forced,5,88,learn,2,2,1,1,0.700,0.772,0,8
sub19,7,forced,5,89,learn,3,2,0,1,1.200,1.194,0,8
sub19,7,forced,5,90,learn,1,1,0,0,1.200,1.063,0,8
sub19,7,forced,5,91,learn,5,7,0,0,0.900,1.127,0,8
sub19,7,forced,5,92,learn,5,5,1,1,0.500,0.545,0,8
sub19,7,forced,5,93,learn,6,6,0,0,0.500,0.787,0,8
sub19,7,forced,5,94,learn,6,6,1,1,0.800,0.800,0,8
sub19,7,forced,5,95,learn,1,1,0,0,0.200,1.064,0,8
sub19,7,forced,5,96,learn,2,6,0,0,0.400,0.616,0,8
sub19,7,forced,6,1,learn,5,5,0,0,0.100,0.667,0,8
sub19,7,forced,6,2,learn,8,8,1,1,0.600,0.643,0,8
sub19,7,forced,6,3,learn,3,3,1,1,0.900,0.859,0,8
sub19,7,forced,6,4,learn,6,6,0,0,0.800,0.999,0,8
sub19,7,forced,6,5,learn,8,8,1,1,0.500,0.584,0,8
sub19,7,forced,6,6,learn,2,2,0,0,0.200,0.878,0,8
sub19,7,forced,6,7,learn,8,8,1,1,1.200,1.170,0,8
sub19,7,forced,6,8,learn,6,6,0,0,0.500,0.771,0,8
sub19,7,forced,6,9,learn,6,6,1,1,0.700,0.679,0,8
sub19,7,forced,6,10,learn,3,3,0,0,0.300,0.858,0,8
sub19,7,forced,6,11,learn,2,2,0,0,0.200,1.692,0,8
sub19,7,forced,6,12,learn,2,2,0,0,1,1.138,0,8
sub19,7,forced,6,13,learn,1,1,0,0,1.200,1.072,0,8
sub19,7,forced,6,14,learn,2,2,0,0,0.500,0.662,0,8
sub19,7,forced,6,15,learn,5,5,0,0,0.500,1.149,0,8
sub19,7,forced,6,16,learn,5,5,1,1,1.200,1.134,0,8
sub19,7,forced,6,17,learn,2,6,0,0,0.700,1.066,0,8
sub19,7,forced,6,18,learn,4,4,0,0,0.800,1.044,0,8
sub19,7,forced,6,19,learn,8,8,0,0,0.200,0.537,0,8
sub19,7,forced,6,20,learn,1,1,1,1,1.200,1.130,0,8
sub19,7,forced,6,21,learn,4,2,0,0,0.800,0.972,0,8
sub19,7,forced,6,22,learn,1,1,0,0,1.100,0.989,0,8
sub19,7,forced,6,23,learn,6,6,0,0,0.200,0.888,0,8
sub19,7,forced,6,24,learn,6,6,1,1,0.500,0.529,0,8
sub19,7,forced,6,25,learn,2,7,0,1,0.200,0.210,0,8
sub19,7,forced,6,26,learn,5,5,1,1,0.800,0.820,0,8
sub19,7,forced,6,27,learn,5,5,0,0,0.700,0.937,0,8
sub19,7,forced,6,28,learn,1,1,1,1,1.100,1.119,0,8
sub19,7,forced,6,29,learn,7,6,0,0,0.700,0.855,0,8
sub19,7,forced,6,30,learn,1,7,0,1,0.500,0.518,0,8
sub19,7,forced,6,31,learn,6,6,1,1,1,0.994,0,8
sub19,7,forced,6,32,learn,4,4,1,1,1.200,1.177,0,8
sub19,7,forced,6,33,learn,7,7,0,0,0.300,1.782,0,8
sub19,7,forced,6,34,learn,4,4,1,1,1.200,1.181,0,8
sub19,7,forced,6,35,learn,1,1,0,0,0.200,0.595,0,8
sub19,7,forced,6,36,learn,3,2,0,0,0.800,0.969,0,8
sub19,7,forced,6,37,learn,5,6,0,1,0.500,0.594,0,8
sub19,7,forced,6,38,learn,1,1,0,0,0.400,0.857,0,8
sub19,7,forced,6,39,learn,1,1,1,1,0.700,0.670,0,8
sub19,7,forced,6,40,learn,3,3,1,1,0.900,0.883,0,8
sub19,7,forced,6,41,learn,5,5,0,0,0.300,1.166,0,8
sub19,7,forced,6,42,learn,3,3,0,0,0.200,0.999,0,8
sub19,7,forced,6,43,learn,6,7,0,1,0.700,0.722,0,8
sub19,7,forced,6,44,learn,7,6,0,1,1.200,1.189,0,8
sub19,7,forced,6,45,learn,1,1,1,1,1,0.978,0,8
sub19,7,forced,6,46,learn,2,7,0,1,0.100,0.165,0,8
sub19,7,forced,6,47,learn,7,7,1,1,1.200,1.139,0,8
sub19,7,forced,6,48,learn,5,6,0,1,0.200,0.299,0,8
sub19,7,forced,6,49,learn,7,7,1,1,0.900,0.873,0,8
sub19,7,forced,6,50,learn,6,6,1,1,1,0.945,0,8
sub19,7,forced,6,51,learn,6,6,1,1,0.600,0.585,0,8
sub19,7,forced,6,52,learn,2,3,0,0,0.400,0.620,0,8
sub19,7,forced,6,53,learn,6,2,0,1,0.100,0.163,0,8
sub19,7,forced,6,54,learn,7,7,0,0,0.400,0.660,0,8
sub19,7,forced,6,55,learn,4,4,0,0,0.600,1.135,0,8
sub19,7,forced,6,56,learn,4,4,1,1,1.200,1.117,0,8
sub19,7,forced,6,57,learn,3,3,1,1,0.800,0.791,0,8
sub19,7,forced,6,58,learn,7,7,0,0,0.200,0.553,0,8
sub19,7,forced,6,59,learn,1,1,0,0,0.400,0.542,0,8
sub19,7,forced,6,60,learn,3,3,1,1,1.200,1.146,0,8
sub19,7,forced,6,61,learn,8,8,1,1,1.100,1.004,0,8
sub19,7,forced,6,62,learn,5,2,0,1,0.200,0.231,0,8
sub19,7,forced,6,63,learn,7,7,0,0,0.700,0.837,0,8
sub19,7,forced,6,64,learn,7,7,1,1,1.100,1.052,0,8
sub19,7,forced,6,65,learn,2,3,0,1,0.800,0.869,0,8
sub19,7,forced,6,66,learn,3,3,0,0,0.200,2.415,0,8
sub19,7,forced,6,67,learn,3,3,1,1,1.100,1.174,0,8
sub19,7,forced,6,68,learn,8,8,0,0,0.100,0.599,0,8
sub19,7,forced,6,69,learn,5,5,0,0,0.100,2.647,0,8
sub19,7,forced,6,70,learn,4,3,0,0,0.400,0.790,0,8
sub19,7,forced,6,71,learn,3,3,0,0,0.700,0.850,0,8
sub19,7,forced,6,72,learn,3,3,1,1,0.900,0.895,0,8
sub19,7,forced,6,73,learn,5,6,0,0,0.700,0.992,0,8
sub19,7,forced,6,74,learn,8,8,1,1,1.200,1.136,0,8
sub19,7,forced,6,75,learn,6,6,1,1,0.700,0.709,0,8
sub19,7,forced,6,76,learn,2,2,0,0,0.800,0.924,0,8
sub19,7,forced,6,77,learn,2,2,1,1,1.200,1.175,0,8
sub19,7,forced,6,78,learn,6,6,1,1,0.700,0.768,0,8
sub19,7,forced,6,79,learn,1,1,1,1,0.800,0.811,0,8
sub19,7,forced,6,80,learn,8,8,1,1,0.600,0.577,0,8
sub19,7,forced,6,81,learn,7,7,0,0,0.200,0.634,0,8
sub19,7,forced,6,82,learn,4,4,0,0,0.800,1.423,0,8
sub19,7,forced,6,83,learn,8,8,1,1,1.200,1.103,0,8
sub19,7,forced,6,84,learn,8,8,0,0,0.900,0.773,0,8
sub19,7,forced,6,85,learn,7,7,1,1,1.100,1.097,0,8
sub19,7,forced,6,86,learn,7,7,0,0,0.500,0.614,0,8
sub19,7,forced,6,87,learn,3,3,0,0,0.700,0.831,0,8
sub19,7,forced,6,88,learn,1,5,0,0,0.400,0.563,0,8
sub19,7,forced,6,89,learn,7,7,0,0,0.500,0.639,0,8
sub19,7,forced,6,90,learn,6,1,0,1,0.100,0.149,0,8
sub19,7,forced,6,91,learn,7,7,1,1,1.100,1.104,0,8
sub19,7,forced,6,92,learn,7,7,1,1,1.200,1.137,0,8
sub19,7,forced,6,93,learn,3,3,1,1,1,0.965,0,8
sub19,7,forced,6,94,learn,1,2,0,0,0.300,0.558,0,8
sub19,7,forced,6,95,learn,1,1,1,1,0.900,0.910,0,8
sub19,7,forced,6,96,learn,6,6,0,0,0.500,1.265,0,8
sub19,7,forced,7,1,learn,7,7,1,1,1,0.967,0,8
sub19,7,forced,7,2,learn,8,8,0,0,0.600,0.749,0,8
sub19,7,forced,7,3,learn,2,2,1,1,0.800,0.818,0,8
sub19,7,forced,7,4,learn,2,2,0,0,0.300,0.445,0,8
sub19,7,forced,7,5,learn,3,3,1,1,0.900,0.814,0,8
sub19,7,forced,7,6,learn,7,4,0,1,0.100,0.180,0,8
sub19,7,forced,7,7,learn,2,2,1,1,1,0.969,0,8
sub19,7,forced,7,8,learn,6,6,1,1,1.100,1.084,0,8
sub19,7,forced,7,9,learn,2,2,1,1,1.100,1.042,0,8
sub19,7,forced,7,10,learn,6,8,0,1,0.200,0.181,0,8
sub19,7,forced,7,11,learn,3,7,0,1,0.800,0.841,0,8
sub19,7,forced,7,12,learn,6,6,0,0,0.400,0.638,0,8
sub19,7,forced,7,13,learn,5,2,0,0,0.600,0.769,0,8
sub19,7,forced,7,14,learn,3,3,0,0,0.100,0.864,0,8
sub19,7,forced,7,15,learn,3,5,0,1,0.100,0.198,0,8
sub19,7,forced,7,16,learn,7,6,0,0,0.600,0.717,0,8
sub19,7,forced,7,17,learn,2,2,0,0,0.300,0.722,0,8
sub19,7,forced,7,18,learn,4,7,0,1,0.100,0.166,0,8
sub19,7,forced,7,19,learn,8,8,1,1,1.100,1.026,0,8
sub19,7,forced,7,20,learn,7,5,0,1,0.600,0.587,0,8
sub19,7,forced,7,21,learn,8,4,0,0,0.200,0.434,0,8
sub19,7,forced,7,22,learn,3,3,0,0,0.800,0.932,0,8
sub19,7,forced,7,23,learn,3,3,0,0,0.200,0.339,0,8
sub19,7,forced,7,24,learn,5,7,0,1,0.800,0.834,0,8
sub19,7,forced,7,25,learn,6,3,0,1,1.200,1.167,0,8
sub19,7,forced,7,26,learn,2,6,0,1,0.100,0.139,0,8
sub19,7,forced,7,27,learn,3,3,1,1,1.100,1.131,0,8
sub19,7,forced,7,28,learn,7,7,1,1,1.100,1.041,0,8
sub19,7,forced,7,29,learn,6,2,0,1,1.200,1.155,0,8
sub19,7,forced,7,30,learn,8,8,1,1,1.100,1.039,0,8
sub19,7,forced,7,31,learn,8,8,1,1,1,0.917,0,8
sub19,7,forced,7,32,learn,1,1,0,0,0.400,0.730,0,8
sub19,7,forced,7,33,learn,5,6,0,0,0.400,0.933,0,8
sub19,7,forced,7,34,learn,5,5,0,0,1,1.420,0,8
sub19,7,forced,7,35,learn,8,8,1,1,0.500,0.523,0,8
sub19,7,forced,7,36,learn,7,7,0,0,0.700,0.841,0,8
sub19,7,forced,7,37,learn,6,6,1,1,0.500,0.527,0,8
sub19,7,forced,7,38,learn,3,3,0,0,0.400,0.556,0,8
sub19,7,forced,7,39,learn,2,3,0,0,0.300,-0.331,0,8
sub19,7,forced,7,40,learn,5,5,0,0,0.200,2.093,0,8
sub19,7,forced,7,41,learn,7,7,1,1,1.100,1.059,0,8
sub19,7,forced,7,42,learn,1,1,0,0,0.300,0.878,0,8
sub19,7,forced,7,43,learn,7,3,0,1,1.100,1.105,0,8
sub19,7,forced,7,44,learn,5,5,0,0,0.700,0.873,0,8
sub19,7,forced,7,45,learn,4,5,0,1,0.200,0.216,0,8
sub19,7,forced,7,46,learn,1,8,0,1,0.300,0.301,0,8
sub19,7,forced,7,47,learn,1,1,1,1,0.800,0.873,0,8
sub19,7,forced,7,48,learn,4,4,1,1,0.900,0.883,0,8
sub19,7,forced,7,49,learn,7,7,0,0,0.500,0.646,0,8
sub19,7,forced,7,50,learn,2,2,0,0,0.400,0.633,0,8
sub19,7,forced,7,51,learn,1,5,0,1,0.900,0.999,0,8
sub19,7,forced,7,52,learn,8,1,0,1,0.200,0.217,0,8
sub19,7,forced,7,53,learn,5,5,1,1,0.600,0.683,0,8
sub19,7,forced,7,54,learn,6,7,0,0,0.900,1.049,0,8
sub19,7,forced,7,55,learn,1,1,0,0,0.700,0.802,0,8
sub19,7,forced,7,56,learn,6,6,1,1,0.300,0.318,0,8
sub19,7,forced,7,57,learn,8,8,1,1,0.600,0.687,0,8
sub19,7,forced,7,58,learn,8,7,0,1,0.100,0.175,0,8
sub19,7,forced,7,59,learn,4,4,0,0,0.300,0.727,0,8
sub19,7,forced,7,60,learn,2,2,0,0,0.500,0.681,0,8
sub19,7,forced,7,61,learn,3,6,0,0,0.100,1.658,0,8
sub19,7,forced,7,62,learn,2,2,0,0,0.400,1.910,0,8
sub19,7,forced,7,63,learn,7,7,1,1,0.800,0.748,0,8
sub19,7,forced,7,64,learn,5,5,1,1,0.600,0.593,0,8
sub19,7,forced,7,65,learn,1,1,1,1,1,0.959,0,8
sub19,7,forced,7,66,learn,7,7,1,1,0.800,0.795,0,8
sub19,7,forced,7,67,learn,7,7,1,1,0.600,0.576,0,8
sub19,7,forced,7,68,learn,4,4,1,1,1.100,1.096,0,8
sub19,7,forced,7,69,learn,3,3,0,0,1.200,1.392,0,8
sub19,7,forced,7,70,learn,2,2,0,0,0.500,0.800,0,8
sub19,7,forced,7,71,learn,1,1,0,0,0.300,1.086,0,8
sub19,7,forced,7,72,learn,5,5,0,0,0.500,0.733,0,8
sub19,7,forced,7,73,learn,8,8,1,1,0.700,0.639,0,8
sub19,7,forced,7,74,learn,4,4,0,0,0.800,0.997,0,8
sub19,7,forced,7,75,learn,1,1,0,0,0.400,6.288,0,8
sub19,7,forced,7,76,learn,1,1,0,0,0.300,0.479,0,8
sub19,7,forced,7,77,learn,5,5,1,1,0.700,0.706,0,8
sub19,7,forced,7,78,learn,1,1,0,0,1.200,1.081,0,8
sub19,7,forced,7,79,learn,8,8,0,0,1.200,1.075,0,8
sub19,7,forced,7,80,learn,7,6,0,0,0.400,0.581,0,8
sub19,7,forced,7,81,learn,6,6,0,0,0.900,1.006,0,8
sub19,7,forced,7,82,learn,1,1,1,1,0.600,0.594,0,8
sub19,7,forced,7,83,learn,2,3,0,1,0.700,0.746,0,8
sub19,7,forced,7,84,learn,1,1,1,1,1,0.991,0,8
sub19,7,forced,7,85,learn,8,8,1,1,0.800,0.726,0,8
sub19,7,forced,7,86,learn,8,8,0,0,0.300,0.476,0,8
sub19,7,forced,7,87,learn,4,4,1,1,1.200,1.190,0,8
sub19,7,forced,7,88,learn,2,2,0,0,0.400,0.918,0,8
sub19,7,forced,7,89,learn,8,8,0,0,0.100,1.160,0,8
sub19,7,forced,7,90,learn,2,2,1,1,0.900,0.899,0,8
sub19,7,forced,7,91,learn,2,2,1,1,0.600,0.570,0,8
sub19,7,forced,7,92,learn,3,3,0,0,0.300,2.435,0,8
sub19,7,forced,7,93,learn,4,4,1,1,1.200,1.159,0,8
sub19,7,forced,7,94,learn,6,6,0,0,0.200,1.503,0,8
sub19,7,forced,7,95,learn,8,3,0,0,0.400,1.642,0,8
sub19,7,forced,7,96,learn,1,1,0,0,0.600,4.006,0,8
sub19,7,forced,8,1,learn,1,1,0,0,0.400,0.524,0,8
sub19,7,forced,8,2,learn,8,8,0,0,0.100,0.472,0,8
sub19,7,forced,8,3,learn,5,5,1,1,1.100,1.084,0,8
sub19,7,forced,8,4,learn,3,3,0,0,0.400,1.580,0,8
sub19,7,forced,8,5,learn,7,4,0,0,0.500,1.151,0,8
sub19,7,forced,8,6,learn,4,4,0,0,0.500,1.677,0,8
sub19,7,forced,8,7,learn,4,4,1,1,0.800,0.785,0,8
sub19,7,forced,8,8,learn,6,6,0,0,0.500,1.184,0,8
sub19,7,forced,8,9,learn,4,8,0,0,0.600,0.877,0,8
sub19,7,forced,8,10,learn,2,2,0,0,0.100,1.040,0,8
sub19,7,forced,8,11,learn,2,2,1,1,0.900,0.890,0,8
sub19,7,forced,8,12,learn,1,1,1,1,0.700,0.609,0,8
sub19,7,forced,8,13,learn,4,4,1,1,0.600,0.626,0,8
sub19,7,forced,8,14,learn,5,5,0,0,0.200,0.764,0,8
sub19,7,forced,8,15,learn,4,4,1,1,1.100,1.075,0,8
sub19,7,forced,8,16,learn,7,7,0,0,0.900,1.002,0,8
sub19,7,forced,8,17,learn,8,8,1,1,0.700,0.661,0,8
sub19,7,forced,8,18,learn,4,4,0,0,0.600,0.727,0,8
sub19,7,forced,8,19,learn,8,8,1,1,0.700,0.726,0,8
sub19,7,forced,8,20,learn,1,1,1,1,0.500,0.533,0,8
sub19,7,forced,8,21,learn,4,4,1,1,1.200,1.181,0,8
sub19,7,forced,8,22,learn,1,1,0,0,0.100,0.926,0,8
sub19,7,forced,8,23,learn,3,3,0,0,0.300,3.064,0,8
sub19,7,forced,8,24,learn,2,2,1,1,1.100,1.128,0,8
sub19,7,forced,8,25,learn,6,6,1,1,0.600,0.575,0,8
sub19,7,forced,8,26,learn,2,3,0,0,0.300,0.597,0,8
sub19,7,forced,8,27,learn,7,7,1,1,1,0.913,0,8
sub19,7,forced,8,28,learn,5,6,0,1,0.800,0.843,0,8
sub19,7,forced,8,29,learn,7,7,1,1,0.600,0.568,0,8
sub19,7,forced,8,30,learn,2,2,0,0,0.500,1.117,0,8
sub19,7,forced,8,31,learn,8,8,1,1,0.700,0.695,0,8
sub19,7,forced,8,32,learn,1,1,1,1,0.700,0.705,0,8
sub19,7,forced,8,33,learn,6,8,0,0,0.400,0.576,0,8
sub19,7,forced,8,34,learn,7,6,0,0,0.300,0.113,0,8
sub19,7,forced,8,35,learn,2,2,0,0,0.200,1.696,0,8
sub19,7,forced,8,36,learn,4,4,0,0,0.600,1.315,0,8
sub19,7,forced,8,37,learn,6,6,0,0,0.700,2.073,0,8
sub19,7,forced,8,38,learn,8,4,0,0,0.200,4.140,0,8
sub19,7,forced,8,39,learn,6,7,0,0,1.200,1.442,0,8
sub19,7,forced,8,40,learn,4,4,1,1,1,0.988,0,8
sub19,7,forced,8,41,learn,4,3,0,0,0.100,0.797,0,8
sub19,7,forced,8,42,learn,2,2,0,0,0.900,1.141,0,8
sub19,7,forced,8,43,learn,8,8,0,0,0.300,1.136,0,8
sub19,7,forced,8,44,learn,8,4,0,0,0.800,0.928,0,8
sub19,7,forced,8,45,learn,6,6,0,0,0.600,1.372,0,8
sub19,7,forced,8,46,learn,5,5,0,0,0.500,0.640,0,8
sub19,7,forced,8,47,learn,2,2,0,0,0.100,1.151,0,8
sub19,7,forced,8,48,learn,2,2,1,1,0.500,0.540,0,8
sub19,7,forced,8,49,learn,5,5,1,1,0.600,0.595,0,8
sub19,7,forced,8,50,learn,6,6,0,0,0.800,5.404,0,8
sub19,7,forced,8,51,learn,7,7,0,0,0.600,0.842,0,8
sub19,7,forced,8,52,learn,3,2,0,0,0.600,0.918,0,8
sub19,7,forced,8,53,learn,3,3,0,0,1,1.587,0,8
sub19,7,forced,8,54,learn,4,4,0,0,0.200,1.258,0,8
sub19,7,forced,8,55,learn,4,4,1,1,1.100,1.045,0,8
sub19,7,forced,8,56,learn,5,6,0,0,0.900,1.049,0,8
sub19,7,forced,8,57,learn,5,5,1,1,0.400,0.487,0,8
sub19,7,forced,8,58,learn,2,2,0,0,0.900,1.806,0,8
sub19,7,forced,8,59,learn,8,8,0,0,0.800,1.176,0,8
sub19,7,forced,8,60,learn,3,3,0,0,0.500,4.404,0,8
sub19,7,forced,8,61,learn,1,1,1,1,1.100,1.075,0,8
sub19,7,forced,8,62,learn,8,8,0,0,0.300,0.898,0,8
sub19,7,forced,8,63,learn,7,6,0,0,1,2.435,0,8
sub19,7,forced,8,64,learn,7,5,0,0,0.400,1.530,0,8
sub19,7,forced,8,65,learn,3,3,0,0,1.100,1.513,0,8
sub19,7,forced,8,66,learn,6,2,0,0,0.600,5.857,0,8
sub19,7,forced,8,67,learn,5,5,0,0,0.100,1.256,0,8
sub19,7,forced,8,68,learn,8,8,0,0,0.100,0.737,0,8
sub19,7,forced,8,69,learn,8,8,1,1,0.700,0.681,0,8
sub19,7,forced,8,70,learn,4,4,0,0,0.500,0.753,0,8
sub19,7,forced,8,71,learn,3,2,0,0,0.300,1.148,0,8
sub19,7,forced,8,72,learn,4,4,1,1,0.900,0.903,0,8
sub19,7,forced,8,73,learn,7,6,0,0,1.100,1.209,0,8
sub19,7,forced,8,74,learn,8,8,1,1,1.100,1.038,0,8
sub19,7,forced,8,75,learn,5,5,1,1,1,0.912,0,8
sub19,7,forced,8,76,learn,2,2,0,0,0.600,0.703,0,8
sub19,7,forced,8,77,learn,5,5,0,0,0.400,0.631,0,8
sub19,7,forced,8,78,learn,3,3,0,0,0.700,0.815,0,8
sub19,7,forced,8,79,learn,7,7,1,1,1.200,1.090,0,8
sub19,7,forced,8,80,learn,6,6,1,1,1.100,1.173,0,8
sub19,7,forced,8,81,learn,4,3,0,0,0.400,0.842,0,8
sub19,7,forced,8,82,learn,8,7,0,1,0.500,0.600,0,8
sub19,7,forced,8,83,learn,5,5,1,1,0.500,0.559,0,8
sub19,7,forced,8,84,learn,1,1,0,0,0.200,1.624,0,8
sub19,7,forced,8,85,learn,5,5,1,1,1,0.916,0,8
sub19,7,forced,8,86,learn,8,8,1,1,1,0.947,0,8
sub19,7,forced,8,87,learn,2,2,1,1,0.600,0.629,0,8
sub19,7,forced,8,88,learn,8,8,0,0,0.200,0.580,0,8
sub19,7,forced,8,89,learn,3,3,0,0,0.300,4.173,0,8
sub19,7,forced,8,90,learn,7,7,0,0,0.800,0.696,0,8
sub19,7,forced,8,91,learn,4,2,0,1,0.100,0.123,0,8
sub19,7,forced,8,92,learn,5,2,0,0,0.600,0.728,0,8
sub19,7,forced,8,93,learn,6,3,0,0,0.300,0.833,0,8
sub19,7,forced,8,94,learn,8,8,1,1,0.900,0.813,0,8
sub19,7,forced,8,95,learn,6,6,1,1,1,0.909,0,8
sub19,7,forced,8,96,learn,1,7,0,1,0.100,0.144,0,8
sub19,7,forced,9,1,learn,1,1,1,1,0.600,0.580,0,8
sub19,7,forced,9,2,learn,3,1,0,1,0.100,0.190,0,8
sub19,7,forced,9,3,learn,5,5,1,1,1.100,1.002,0,8
sub19,7,forced,9,4,learn,4,2,0,0,0.900,1.037,0,8
sub19,7,forced,9,5,learn,6,4,0,1,0.400,0.493,0,8
sub19,7,forced,9,6,learn,1,1,1,1,1,0.968,0,8
sub19,7,forced,9,7,learn,3,3,1,1,1,1.096,0,8
sub19,7,forced,9,8,learn,8,8,1,1,0.500,0.566,0,8
sub19,7,forced,9,9,learn,2,6,0,1,0.100,0.059,0,8
sub19,7,forced,9,10,learn,3,3,1,1,1,0.999,0,8
sub19,7,forced,9,11,learn,2,2,1,1,1.200,1.204,0,8
sub19,7,forced,9,12,learn,3,3,0,0,0.600,0.872,0,8
sub19,7,forced,9,13,learn,5,7,0,1,0.100,0.045,0,8
sub19,7,forced,9,14,learn,3,3,1,1,1.100,1.080,0,8
sub19,7,forced,9,15,learn,7,6,0,0,0.300,0.543,0,8
sub19,7,forced,9,16,learn,1,2,0,0,0.800,0.974,0,8
sub19,7,forced,9,17,learn,4,1,0,1,0.700,0.646,0,8
sub19,7,forced,9,18,learn,6,6,1,1,0.800,0.853,0,8
sub19,7,forced,9,19,learn,6,6,1,1,0.900,0.932,0,8
sub19,7,forced,9,20,learn,2,3,0,0,0.600,0.733,0,8
sub19,7,forced,9,21,learn,1,1,0,0,0.200,0.673,0,8
sub19,7,forced,9,22,learn,2,1,0,0,1,1.210,0,8
sub19,7,forced,9,23,learn,4,7,0,1,0.200,0.213,0,8
sub19,7,forced,9,24,learn,6,6,1,1,1.100,1.099,0,8
sub19,7,forced,9,25,learn,3,4,0,1,1,1.031,0,8
sub19,7,forced,9,26,learn,5,5,1,1,0.900,0.851,0,8
sub19,7,forced,9,27,learn,8,8,1,1,0.800,0.848,0,8
sub19,7,forced,9,28,learn,1,7,0,0,0.100,0.222,0,8
sub19,7,forced,9,29,learn,1,2,0,1,1.100,1.078,0,8
sub19,7,forced,9,30,learn,4,4,1,1,1.100,1.029,0,8
sub19,7,forced,9,31,learn,8,8,1,1,0.800,0.745,0,8
sub19,7,forced,9,32,learn,5,5,1,1,0.900,0.856,0,8
sub19,7,forced,9,33,learn,4,4,1,1,0.800,0.813,0,8
sub19,7,forced,9,34,learn,8,8,1,1,1,0.908,0,8
sub19,7,forced,9,35,learn,2,1,0,0,0.300,0.404,0,8
sub19,7,forced,9,36,learn,6,8,0,0,0.500,0.800,0,8
sub19,7,forced,9,37,learn,8,7,0,1,1,0.971,0,8
sub19,7,forced,9,38,learn,4,3,0,0,0.900,1.107,0,8
sub19,7,forced,9,39,learn,2,2,1,1,1.100,1.097,0,8
sub19,7,forced,9,40,learn,6,6,0,0,0.400,0.763,0,8
sub19,7,forced,9,41,learn,7,7,0,0,0.500,0.678,0,8
sub19,7,forced,9,42,learn,7,7,1,1,0.900,0.896,0,8
sub19,7,forced,9,43,learn,4,4,1,1,0.700,0.698,0,8
sub19,7,forced,9,44,learn,5,7,0,0,0.500,0.733,0,8
sub19,7,forced,9,45,learn,6,6,1,1,1,0.958,0,8
sub19,7,forced,9,46,learn,4,4,0,0,0.700,1.164,0,8
sub19,7,forced,9,47,learn,3,3,1,1,0.900,0.911,0,8
sub19,7,forced,9,48,learn,8,6,0,0,0.900,0.739,0,8
sub19,7,forced,9,49,learn,8,8,0,0,0.200,0.439,0,8
sub19,7,forced,9,50,learn,7,6,0,1,1.200,1.227,0,8
sub19,7,forced,9,51,learn,1,1,1,1,0.700,0.785,0,8
sub19,7,forced,9,52,learn,6,6,0,0,0.800,1.347,0,8
sub19,7,forced,9,53,learn,7,7,1,1,0.800,0.817,0,8
sub19,7,forced,9,54,learn,3,3,0,0,0.500,3.490,0,8
sub19,7,forced,9,55,learn,2,2,1,1,0.800,0.867,0,8
sub19,7,forced,9,56,learn,5,1,0,0,0.900,1.022,0,8
sub19,7,forced,9,57,learn,8,8,0,0,0.400,0.609,0,8
sub19,7,forced,9,58,learn,8,8,1,1,1.100,1.132,0,8
sub19,7,forced,9,59,learn,3,7,0,1,1.200,1.161,0,8
sub19,7,forced,9,60,learn,4,4,1,1,1,0.943,0,8
sub19,7,forced,9,61,learn,5,6,0,0,0.300,2.504,0,8
sub19,7,forced,9,62,learn,7,7,1,1,0.800,0.867,0,8
sub19,7,forced,9,63,learn,1,1,0,0,0.200,4.030,0,8
sub19,7,forced,9,64,learn,6,6,0,0,0.700,0.854,0,8
sub19,7,forced,9,65,learn,4,3,0,1,0.900,0.888,0,8
sub19,7,forced,9,66,learn,1,1,0,0,0.800,0.966,0,8
sub19,7,forced,9,67,learn,2,2,1,1,1.100,1.121,0,8
sub19,7,forced,9,68,learn,4,3,0,1,1.100,1.104,0,8
sub19,7,forced,9,69,learn,8,8,0,0,0.100,0.618,0,8
sub19,7,forced,9,70,learn,6,3,0,0,0.400,2.805,0,8
sub19,7,forced,9,71,learn,3,3,0,0,0.100,3.409,0,8
sub19,7,forced,9,72,learn,8,4,0,1,0.800,0.843,0,8
sub19,7,forced,9,73,learn,3,3,1,1,1.100,1.032,0,8
sub19,7,forced,9,74,learn,7,7,0,0,0.400,4.238,0,8
sub19,7,forced,9,75,learn,8,8,0,0,0.300,0.533,0,8
sub19,7,forced,9,76,learn,2,2,0,0,0.400,2.303,0,8
sub19,7,forced,9,77,learn,2,2,1,1,1.100,1.136,0,8
sub19,7,forced,9,78,learn,7,7,0,0,0.900,1.074,0,8
sub19,7,forced,9,79,learn,5,5,1,1,0.900,0.989,0,8
sub19,7,forced,9,80,learn,4,3,0,0,0.300,0.582,0,8
sub19,7,forced,9,81,learn,2,2,1,1,1,0.913,0,8
sub19,7,forced,9,82,learn,3,3,0,0,0.500,1.377,0,8
sub19,7,forced,9,83,learn,3,3,1,1,0.600,0.593,0,8
sub19,7,forced,9,84,learn,1,1,0,0,0.800,1.541,0,8
sub19,7,forced,9,85,learn,6,5,0,0,0.900,1.330,0,8
sub19,7,forced,9,86,learn,4,4,0,0,0.100,1.468,0,8
sub19,7,forced,9,87,learn,4,4,0,0,0.200,0.674,0,8
sub19,7,forced,9,88,learn,1,1,0,0,0.700,0.841,0,8
sub19,7,forced,9,89,learn,6,6,1,1,0.100,0.072,0,8
sub19,7,forced,9,90,learn,5,5,1,1,1.200,1.126,0,8
sub19,7,forced,9,91,learn,2,2,0,0,1,1.158,0,8
sub19,7,forced,9,92,learn,2,2,1,1,0.700,0.627,0,8
sub19,7,forced,9,93,learn,5,5,1,1,1.200,1.116,0,8
sub19,7,forced,9,94,learn,1,1,1,1,0.600,0.641,0,8
sub19,7,forced,9,95,learn,2,2,1,1,0.800,0.841,0,8
sub19,7,forced,9,96,learn,1,1,1,1,1.100,1.076,0,8
sub19,7,forced,10,1,learn,7,7,0,0,0.300,0.651,0,8
sub19,7,forced,10,2,learn,8,8,1,1,0.500,0.576,0,8
sub19,7,forced,10,3,learn,5,5,0,0,0.700,0.864,0,8
sub19,7,forced,10,4,learn,1,1,1,1,0.900,0.846,0,8
sub19,7,forced,10,5,learn,2,2,1,1,0.900,0.868,0,8
sub19,7,forced,10,6,learn,1,1,0,0,0.800,0.688,0,8
sub19,7,forced,10,7,learn,1,2,0,1,0.100,0.125,0,8
sub19,7,forced,10,8,learn,5,6,0,1,0.100,0.101,0,8
sub19,7,forced,10,9,learn,6,6,1,1,0.700,0.731,0,8
sub19,7,forced,10,10,learn,5,5,0,0,0.400,0.537,0,8
sub19,7,forced,10,11,learn,8,7,0,1,0.200,0.156,0,8
sub19,7,forced,10,12,learn,4,8,0,1,0.200,0.226,0,8
sub19,7,forced,10,13,learn,2,2,1,1,0.800,0.815,0,8
sub19,7,forced,10,14,learn,7,6,0,1,1.100,1.166,0,8
sub19,7,forced,10,15,learn,2,2,1,1,1.100,1.135,0,8
sub19,7,forced,10,16,learn,2,4,0,1,0.200,0.176,0,8
sub19,7,forced,10,17,learn,8,6,0,0,0.600,0.716,0,8
sub19,7,forced,10,18,learn,8,8,1,1,1.200,1.141,0,8
sub19,7,forced,10,19,learn,6,8,0,1,0.100,0.161,0,8
sub19,7,forced,10,20,learn,4,4,1,1,0.800,0.835,0,8
sub19,7,forced,10,21,learn,7,3,0,1,1.200,1.224,0,8
sub19,7,forced,10,22,learn,6,2,0,0,0.200,1.422,0,8
sub19,7,forced,10,23,learn,1,1,1,1,1.200,1.187,0,8
sub19,7,forced,10,24,learn,5,5,0,0,0.300,0.513,0,8
sub19,7,forced,10,25,learn,8,8,1,1,0.900,0.830,0,8
sub19,7,forced,10,26,learn,7,7,1,1,0.100,0.197,0,8
sub19,7,forced,10,27,learn,4,4,1,1,0.900,0.929,0,8
sub19,7,forced,10,28,learn,5,5,1,1,1.100,1.116,0,8
sub19,7,forced,10,29,learn,6,6,0,0,0.400,0.642,0,8
sub19,7,forced,10,30,learn,3,1,0,0,0.700,4.150,0,8
sub19,7,forced,10,31,learn,6,3,0,0,0.200,0.810,0,8
sub19,7,forced,10,32,learn,6,6,1,1,1,0.969,0,8
sub19,7,forced,10,33,learn,4,4,0,0,0.200,0.767,0,8
sub19,7,forced,10,34,learn,7,8,0,1,0.100,0.124,0,8
sub19,7,forced,10,35,learn,2,7,0,1,0.100,0.074,0,8
sub19,7,forced,10,36,learn,8,4,0,0,0.400,0.687,0,8
sub19,7,forced,10,37,learn,1,1,0,0,0.900,2.108,0,8
sub19,7,forced,10,38,learn,8,8,0,0,0.400,0.693,0,8
sub19,7,forced,10,39,learn,6,6,0,0,1.100,3.830,0,8
sub19,7,forced,10,40,learn,3,7,0,1,1.100,1.090,0,8
sub19,7,forced,10,41,learn,5,2,0,0,0.600,0.754,0,8
sub19,7,forced,10,42,learn,5,5,0,0,0.100,0.218,0,8
sub19,7,forced,10,43,learn,3,2,0,0,0.300,0.702,0,8
sub19,7,forced,10,44,learn,3,3,0,0,0.300,-0.613,0,8
sub19,7,forced,10,45,learn,2,2,0,0,0.100,2.085,0,8
sub19,7,forced,10,46,learn,6,2,0,1,1.200,1.146,0,8
sub19,7,forced,10,47,learn,6,6,0,0,0.300,0.492,0,8
sub19,7,forced,10,48,learn,8,8,1,1,0.800,0.744,0,8
sub19,7,forced,10,49,learn,4,4,1,1,0.700,0.770,0,8
sub19,7,forced,10,50,learn,7,7,0,0,0.400,0.623,0,8
sub19,7,forced,10,51,learn,7,7,0,0,0.100,0.393,0,8
sub19,7,forced,10,52,learn,2,4,0,1,1.200,1.205,0,8
sub19,7,forced,10,53,learn,6,6,0,0,0.900,1.018,0,8
sub19,7,forced,10,54,learn,1,5,0,0,0.500,0.606,0,8
sub19,7,forced,10,55,learn,5,5,1,1,0.600,0.534,0,8
sub19,7,forced,10,56,learn,5,5,1,1,1.100,1.097,0,8
sub19,7,forced,10,57,learn,2,2,1,1,1.200,1.239,0,8
sub19,7,forced,10,58,learn,8,8,1,1,0.900,0.880,0,8
sub19,7,forced,10,59,learn,2,2,1,1,1,1.056,0,8
sub19,7,forced,10,60,learn,7,7,0,0,0.600,0.720,0,8
sub19,7,forced,10,61,learn,6,6,0,0,0.600,0.798,0,8
sub19,7,forced,10,62,learn,5,5,1,1,1.100,1.092,0,8
sub19,7,forced,10,63,learn,4,4,0,0,1,1.170,0,8
sub19,7,forced,10,64,learn,7,3,0,0,1,1.137,0,8
sub19,7,forced,10,65,learn,7,5,0,0,0.800,0.974,0,8
sub19,7,forced,10,66,learn,8,8,1,1,0.900,0.986,0,8
sub19,7,forced,10,67,learn,5,4,0,1,0.400,0.447,0,8
sub19,7,forced,10,68,learn,2,5,0,0,0.300,0.644,0,8
sub19,7,forced,10,69,learn,4,2,0,1,0.300,0.239,0,8
sub19,7,forced,10,70,learn,1,1,1,1,1.200,1.104,0,8
sub19,7,forced,10,71,learn,5,5,1,1,1.100,1.006,0,8
sub19,7,forced,10,72,learn,2,4,0,0,0.400,0.568,0,8
sub19,7,forced,10,73,learn,2,2,1,1,0.400,0.380,0,8
sub19,7,forced,10,74,learn,5,5,0,0,0.300,0.929,0,8
sub19,7,forced,10,75,learn,2,7,0,1,0.200,0.242,0,8
sub19,7,forced,10,76,learn,5,6,0,1,1.100,1.061,0,8
sub19,7,forced,10,77,learn,3,3,0,0,1,1.124,0,8
sub19,7,forced,10,78,learn,1,5,0,0,0.600,0.756,0,8
sub19,7,forced,10,79,learn,3,6,0,0,0.500,1.169,0,8
sub19,7,forced,10,80,learn,2,2,0,0,0.600,1.855,0,8
sub19,7,forced,10,81,learn,4,3,0,0,0.500,1.048,0,8
sub19,7,forced,10,82,learn,8,4,0,0,0.300,-0.567,0,8
sub19,7,forced,10,83,learn,1,1,0,0,1,2.021,0,8
sub19,7,forced,10,84,learn,3,6,0,0,0.400,1.842,0,8
sub19,7,forced,10,85,learn,4,4,1,1,1.100,1.018,0,8
sub19,7,forced,10,86,learn,3,3,0,0,0.500,1.204,0,8
sub19,7,forced,10,87,learn,4,4,1,1,0.800,0.798,0,8
sub19,7,forced,10,88,learn,1,1,0,0,1,1.114,0,8
sub19,7,forced,10,89,learn,4,5,0,0,0.500,4.920,0,8
sub19,7,forced,10,90,learn,6,6,1,1,0.900,0.995,0,8
sub19,7,forced,10,91,learn,7,7,1,1,0.700,0.718,0,8
sub19,7,forced,10,92,learn,4,3,0,0,0.200,0.854,0,8
sub19,7,forced,10,93,learn,4,4,1,1,0.500,0.599,0,8
sub19,7,forced,10,94,learn,5,5,1,1,1,0.977,0,8
sub19,7,forced,10,95,learn,7,7,0,0,0.300,0.760,0,8
sub19,7,forced,10,96,learn,5,5,0,0,1.100,1.466,0,8
sub19,7,forced,11,1,learn,8,8,0,0,0.300,0.889,0,8
sub19,7,forced,11,2,learn,8,8,1,1,0.500,0.504,0,8
sub19,7,forced,11,3,learn,4,4,1,1,1.100,1.013,0,8
sub19,7,forced,11,4,learn,8,8,1,1,0.600,0.655,0,8
sub19,7,forced,11,5,learn,4,4,0,0,0.400,0.568,0,8
sub19,7,forced,11,6,learn,7,7,0,0,0.700,0.593,0,8
sub19,7,forced,11,7,learn,4,4,0,0,0.300,0.591,0,8
sub19,7,forced,11,8,learn,3,7,0,0,0.400,0.559,0,8
sub19,7,forced,11,9,learn,3,3,0,0,0.800,0.680,0,8
sub19,7,forced,11,10,learn,2,2,1,1,0.700,0.763,0,8
sub19,7,forced,11,11,learn,5,5,1,1,1,1.051,0,8
sub19,7,forced,11,12,learn,7,7,1,1,1.200,1.153,0,8
sub19,7,forced,11,13,learn,7,7,1,1,1,0.975,0,8
sub19,7,forced,11,14,learn,1,1,1,1,1.200,1.134,0,8
sub19,7,forced,11,15,learn,6,8,0,1,0.600,0.651,0,8
sub19,7,forced,11,16,learn,5,5,0,0,0.300,0.656,0,8
sub19,7,forced,11,17,learn,3,7,0,1,1.200,1.221,0,8
sub19,7,forced,11,18,learn,4,4,0,0,0.300,0.701,0,8
sub19,7,forced,11,19,learn,4,4,0,0,0.300,0.446,0,8
sub19,7,forced,11,20,learn,1,1,0,0,0.900,0.776,0,8
sub19,7,forced,11,21,learn,1,1,1,1,0.500,0.537,0,8
sub19,7,forced,11,22,learn,4,4,0,0,0.200,0.845,0,8
sub19,7,forced,11,23,learn,3,3,1,1,1,1.012,0,8
sub19,7,forced,11,24,learn,6,6,0,0,0.500,1.446,0,8
sub19,7,forced,11,25,learn,1,1,0,0,0.300,2.816,0,8
sub19,7,forced,11,26,learn,4,4,1,1,1,1.030,0,8
sub19,7,forced,11,27,learn,3,3,0,0,0.600,0.722,0,8
sub19,7,forced,11,28,learn,1,1,0,0,0.200,2.073,0,8
sub19,7,forced,11,29,learn,8,8,1,1,1,0.964,0,8
sub19,7,forced,11,30,learn,5,5,0,0,0.300,1.640,0,8
sub19,7,forced,11,31,learn,5,5,0,0,0.200,0.452,0,8
sub19,7,forced,11,32,learn,1,1,1,1,0.800,0.756,0,8
sub19,7,forced,11,33,learn,5,5,0,0,0.200,0.560,0,8
sub19,7,forced,11,34,learn,6,7,0,0,0.200,2.562,0,8
sub19,7,forced,11,35,learn,2,2,0,0,1.200,1.633,0,8
sub19,7,forced,11,36,learn,2,3,0,0,0.100,5.933,0,8
sub19,7,forced,11,37,learn,5,5,0,0,0.700,14.795,0,8
sub19,7,forced,11,38,learn,3,3,0,0,0.900,2.235,0,8
sub19,7,forced,11,39,learn,1,1,1,1,1,0.991,0,8
sub19,7,forced,11,40,learn,4,4,0,0,0.300,0.908,0,8
sub19,7,forced,11,41,learn,4,4,0,0,0.400,2.201,0,8
sub19,7,forced,11,42,learn,5,6,0,1,0.700,0.755,0,8
sub19,7,forced,11,43,learn,1,1,0,0,0.300,0.701,0,8
sub19,7,forced,11,44,learn,1,1,1,1,1,0.933,0,8
sub19,7,forced,11,45,learn,7,7,0,0,0.200,3.239,0,8
sub19,7,forced,11,46,learn,5,6,0,1,1,1.017,0,8
sub19,7,forced,11,47,learn,7,7,1,1,1,0.953,0,8
sub19,7,forced,11,48,learn,6,6,0,0,0.300,0.580,0,8
sub19,7,forced,11,49,learn,8,8,0,0,0.300,0.680,0,8
sub19,7,forced,11,50,learn,2,2,0,0,1.100,1.320,0,8
sub19,7,forced,11,51,learn,1,6,0,1,0.100,0.153,0,8
sub19,7,forced,11,52,learn,1,5,0,1,1.200,1.216,0,8
sub19,7,forced,11,53,learn,7,1,0,1,0.100,0.125,0,8
sub19,7,forced,11,54,learn,4,4,1,1,1,0.944,0,8
sub19,7,forced,11,55,learn,1,7,0,0,0.600,0.710,0,8
sub19,7,forced,11,56,learn,7,7,1,1,1,1.049,0,8
sub19,7,forced,11,57,learn,6,7,0,0,0.400,0.549,0,8
sub19,7,forced,11,58,learn,5,5,1,1,0.800,0.708,0,8
sub19,7,forced,11,59,learn,5,5,1,1,0.800,0.739,0,8
sub19,7,forced,11,60,learn,6,6,0,0,0.600,0.715,0,8
sub19,7,forced,11,61,learn,3,3,1,1,1.200,1.238,0,8
sub19,7,forced,11,62,learn,7,7,0,0,1,1.428,0,8
sub19,7,forced,11,63,learn,3,3,1,1,1.200,1.265,0,8
sub19,7,forced,11,64,learn,8,4,0,0,0.600,0.783,0,8
sub19,7,forced,11,65,learn,1,1,1,1,1.100,1.194,0,8
sub19,7,forced,11,66,learn,6,6,1,1,1.200,1.234,0,8
sub19,7,forced,11,67,learn,6,6,0,0,0.200,2.013,0,8
sub19,7,forced,11,68,learn,2,3,0,0,0.700,1.526,0,8
sub19,7,forced,11,69,learn,6,6,0,0,0.800,1.164,0,8
sub19,7,forced,11,70,learn,8,7,0,1,1.200,1.230,0,8
sub19,7,forced,11,71,learn,6,8,0,0,0.200,0.315,0,8
sub19,7,forced,11,72,learn,8,6,0,1,0.100,0.095,0,8
sub19,7,forced,11,73,learn,6,6,1,1,0.900,0.850,0,8
sub19,7,forced,11,74,learn,6,6,1,1,1.100,1.081,0,8
sub19,7,forced,11,75,learn,7,8,0,1,0.200,0.228,0,8
sub19,7,forced,11,76,learn,3,7,0,1,0.900,0.953,0,8
sub19,7,forced,11,77,learn,6,6,1,1,0.900,0.884,0,8
sub19,7,forced,11,78,learn,2,2,0,0,0.500,0.927,0,8
sub19,7,forced,11,79,learn,8,8,1,1,1,0.982,0,8
sub19,7,forced,11,80,learn,7,3,0,0,0.800,1.104,0,8
sub19,7,forced,11,81,learn,5,5,0,0,0.100,0.827,0,8
sub19,7,forced,11,82,learn,6,6,1,1,1.100,1.015,0,8
sub19,7,forced,11,83,learn,8,8,1,1,0.700,0.697,0,8
sub19,7,forced,11,84,learn,2,2,1,1,1.200,1.170,0,8
sub19,7,forced,11,85,learn,1,1,0,0,0.400,0.648,0,8
sub19,7,forced,11,86,learn,1,1,1,1,0.200,0.273,0,8
sub19,7,forced,11,87,learn,8,8,1,1,1.100,1.115,0,8
sub19,7,forced,11,88,learn,3,7,0,1,0.100,0.112,0,8
sub19,7,forced,11,89,learn,1,2,0,1,0.100,0.054,0,8
sub19,7,forced,11,90,learn,7,6,0,1,0.600,0.621,0,8
sub19,7,forced,11,91,learn,8,8,1,1,0.800,0.772,0,8
sub19,7,forced,11,92,learn,7,7,1,1,0.900,0.882,0,8
sub19,7,forced,11,93,learn,2,3,0,1,0.700,0.728,0,8
sub19,7,forced,11,94,learn,4,4,1,1,0.700,0.725,0,8
sub19,7,forced,11,95,learn,2,2,1,1,0.700,0.660,0,8
sub19,7,forced,11,96,learn,6,8,0,0,0.300,0.186,0,8
sub19,7,forced,12,1,learn,4,4,0,0,0.300,0.893,0,8
sub19,7,forced,12,2,learn,7,7,0,0,0.800,2.983,0,8
sub19,7,forced,12,3,learn,1,2,0,0,0.900,1.034,0,8
sub19,7,forced,12,4,learn,3,3,1,1,1.100,1.155,0,8
sub19,7,forced,12,5,learn,5,5,1,1,1.200,1.090,0,8
sub19,7,forced,12,6,learn,4,2,0,0,0.500,0.863,0,8
sub19,7,forced,12,7,learn,4,4,1,1,1,0.933,0,8
sub19,7,forced,12,8,learn,6,6,0,0,0.300,1.552,0,8
sub19,7,forced,12,9,learn,7,3,0,0,0.100,5.208,0,8
sub19,7,forced,12,10,learn,3,3,0,0,0.200,2.083,0,8
sub19,7,forced,12,11,learn,5,5,0,0,0.200,12.968,0,8
sub19,7,forced,12,12,learn,1,1,0,0,0.500,0.884,0,8
sub19,7,forced,12,13,learn,5,5,1,1,1.200,1.157,0,8
sub19,7,forced,12,14,learn,8,8,0,0,1.100,1.422,0,8
sub19,7,forced,12,15,learn,3,3,0,0,0.600,1.078,0,8
sub19,7,forced,12,16,learn,4,4,0,0,0.600,1.612,0,8
sub19,7,forced,12,17,learn,3,3,0,0,0.200,1.282,0,8
sub19,7,forced,12,18,learn,6,6,1,1,1.200,1.257,0,8
sub19,7,forced,12,19,learn,3,4,0,0,0.600,0.800,0,8
sub19,7,forced,12,20,learn,2,2,1,1,1,1.036,0,8
sub19,7,forced,12,21,learn,7,2,0,1,0.200,0.226,0,8
sub19,7,forced,12,22,learn,4,4,0,0,0.400,0.588,0,8
sub19,7,forced,12,23,learn,6,6,1,1,1.200,1.278,0,8
sub19,7,forced,12,24,learn,1,5,0,1,1.100,1.036,0,8
sub19,7,forced,12,25,learn,2,2,0,0,0.300,0.986,0,8
sub19,7,forced,12,26,learn,7,7,0,0,0.700,4.592,0,8
sub19,7,forced,12,27,learn,7,7,1,1,0.200,0.166,0,8
sub19,7,forced,12,28,learn,3,5,0,0,0.400,0.571,0,8
sub19,7,forced,12,29,learn,7,7,1,1,0.700,0.742,0,8
sub19,7,forced,12,30,learn,5,5,0,0,0.300,0.761,0,8
sub19,7,forced,12,31,learn,5,5,0,0,0.600,0.485,0,8
sub19,7,forced,12,32,learn,2,2,1,1,1.100,1.066,0,8
sub19,7,forced,12,33,learn,8,8,1,1,1.100,1.081,0,8
sub19,7,forced,12,34,learn,5,5,1,1,1.200,1.167,0,8
sub19,7,forced,12,35,learn,4,4,1,1,1.200,1.096,0,8
sub19,7,forced,12,36,learn,2,3,0,1,1.200,1.162,0,8
sub19,7,forced,12,37,learn,7,7,0,0,0.500,0.627,0,8
sub19,7,forced,12,38,learn,8,8,1,1,1.200,1.128,0,8
sub19,7,forced,12,39,learn,4,4,1,1,1,0.908,0,8
sub19,7,forced,12,40,learn,2,2,1,1,0.200,0.175,0,8
sub19,7,forced,12,41,learn,2,2,1,1,0.800,0.734,0,8
sub19,7,forced,12,42,learn,3,7,0,1,0.700,0.655,0,8
sub19,7,forced,12,43,learn,8,8,1,1,1.200,1.161,0,8
sub19,7,forced,12,44,learn,7,7,0,0,0.500,0.643,0,8
sub19,7,forced,12,45,learn,7,7,1,1,0.700,0.675,0,8
sub19,7,forced,12,46,learn,5,3,0,0,0.400,1.092,0,8
sub19,7,forced,12,47,learn,7,7,0,0,0.500,2.297,0,8
sub19,7,forced,12,48,learn,8,8,1,1,1,1.037,0,8
sub19,7,forced,12,49,learn,8,8,1,1,0.400,0.400,0,8
sub19,7,forced,12,50,learn,1,1,0,0,0.300,0.789,0,8
sub19,7,forced,12,51,learn,7,7,0,0,0.400,0.990,0,8
sub19,7,forced,12,52,learn,6,3,0,0,0.700,0.889,0,8
sub19,7,forced,12,53,learn,2,4,0,1,1,1.075,0,8
sub19,7,forced,12,54,learn,4,4,1,1,1,0.992,0,8
sub19,7,forced,12,55,learn,4,4,1,1,0.600,0.596,0,8
sub19,7,forced,12,56,learn,5,5,0,0,1.200,1.565,0,8
sub19,7,forced,12,57,learn,5,5,0,0,0.300,0.502,0,8
sub19,7,forced,12,58,learn,1,1,0,0,0.700,0.868,0,8
sub19,7,forced,12,59,learn,8,8,1,1,0.700,0.650,0,8
sub19,7,forced,12,60,learn,1,7,0,1,0.200,0.140,0,8
sub19,7,forced,12,61,learn,8,8,0,0,0.500,0.636,0,8
sub19,7,forced,12,62,learn,6,7,0,0,0.800,1.109,0,8
sub19,7,forced,12,63,learn,5,5,1,1,0.900,0.823,0,8
sub19,7,forced,12,64,learn,7,7,0,0,0.400,0.776,0,8
sub19,7,forced,12,65,learn,1,2,0,1,1.100,1.042,0,8
sub19,7,forced,12,66,learn,3,3,0,0,0.600,0.874,0,8
sub19,7,forced,12,67,learn,4,4,1,1,0.700,0.686,0,8
sub19,7,forced,12,68,learn,8,8,1,1,0.900,0.802,0,8
sub19,7,forced,12,69,learn,3,1,0,1,0.400,0.312,0,8
sub19,7,forced,12,70,learn,3,3,0,0,0.700,1.615,0,8
sub19,7,forced,12,71,learn,8,8,0,0,0.200,2.696,0,8
sub19,7,forced,12,72,learn,5,6,0,0,0.800,0.931,0,8
sub19,7,forced,12,73,learn,3,4,0,1,0.800,0.823,0,8
sub19,7,forced,12,74,learn,7,6,0,0,0.900,1.037,0,8
sub19,7,forced,12,75,learn,3,3,0,0,0.300,1.596,0,8
sub19,7,forced,12,76,learn,3,3,1,1,1.200,1.148,0,8
sub19,7,forced,12,77,learn,6,6,1,1,1.100,1.140,0,8
sub19,7,forced,12,78,learn,2,2,1,1,0.900,0.833,0,8
sub19,7,forced,12,79,learn,3,3,1,1,0.800,0.745,0,8
sub19,7,forced,12,80,learn,6,6,1,1,0.100,0.156,0,8
sub19,7,forced,12,81,learn,1,3,0,0,0.400,0.580,0,8
sub19,7,forced,12,82,learn,2,2,1,1,1.200,1.130,0,8
sub19,7,forced,12,83,learn,1,1,1,1,0.600,0.557,0,8
sub19,7,forced,12,84,learn,3,3,0,0,0.200,0.724,0,8
sub19,7,forced,12,85,learn,3,7,0,0,0.400,0.628,0,8
sub19,7,forced,12,86,learn,7,7,1,1,0.700,0.761,0,8
sub19,7,forced,12,87,learn,2,2,0,0,0.600,0.730,0,8
sub19,7,forced,12,88,learn,3,3,0,0,0.400,0.532,0,8
sub19,7,forced,12,89,learn,1,1,1,1,0.700,0.662,0,8
sub19,7,forced,12,90,learn,8,8,0,0,0.900,1.093,0,8
sub19,7,forced,12,91,learn,3,3,0,0,0.700,0.814,0,8
sub19,7,forced,12,92,learn,3,2,0,1,0.300,0.347,0,8
sub19,7,forced,12,93,learn,2,2,1,1,0.800,0.793,0,8
sub19,7,forced,12,94,learn,8,7,0,0,0.500,0.644,0,8
sub19,7,forced,12,95,learn,8,8,1,1,0.600,0.580,0,8
sub19,7,forced,12,96,learn,7,7,1,1,0.300,0.391,0,8
sub19,7,forced,13,1,learn,2,2,1,1,0.900,0.883,0,8
sub19,7,forced,13,2,learn,4,7,0,1,0.200,0.188,0,8
