id,group_id,task_type,block,trial,stim_type,stim_index,resp_index,correct,t_reaction,attempt_number,iter
29,5,free,1,1,motor,7,7,1,0.591,1,0
29,5,free,1,2,motor,5,5,1,0.564,1,0
29,5,free,1,3,motor,7,6,0,0.326,1,0
29,5,free,1,3,motor,7,7,1,0.247,2,0
29,5,free,1,4,motor,8,8,1,0.456,1,0
29,5,free,1,5,motor,8,8,1,1.488,1,0
29,5,free,1,6,motor,7,7,1,0.480,1,0
29,5,free,1,7,motor,8,8,1,0.374,1,0
29,5,free,1,8,motor,3,3,1,0.511,1,0
29,5,free,1,9,motor,1,1,1,0.394,1,0
29,5,free,1,10,motor,1,1,1,1.286,1,0
29,5,free,1,11,motor,5,5,1,0.769,1,0
29,5,free,1,12,motor,2,2,1,0.484,1,0
29,5,free,1,13,motor,3,3,1,0.379,1,0
29,5,free,1,14,motor,6,7,0,0.474,1,0
29,5,free,1,14,motor,6,6,1,0.350,2,0
29,5,free,1,15,motor,7,7,1,0.372,1,0
29,5,free,1,16,motor,3,3,1,0.715,1,0
29,5,free,1,17,motor,6,6,1,0.678,1,0
29,5,free,1,18,motor,5,5,1,0.379,1,0
29,5,free,1,19,motor,8,8,1,0.374,1,0
29,5,free,1,20,motor,7,7,1,0.384,1,0
29,5,free,1,21,motor,4,4,1,0.480,1,0
29,5,free,1,22,motor,3,3,1,0.390,1,0
29,5,free,1,23,motor,1,1,1,0.391,1,0
29,5,free,1,24,motor,2,2,1,0.358,1,0
29,5,free,1,25,motor,1,1,1,0.412,1,0
29,5,free,1,26,motor,1,1,1,0.455,1,0
29,5,free,1,27,motor,7,7,1,0.311,1,0
29,5,free,1,28,motor,6,6,1,0.348,1,0
29,5,free,1,29,motor,8,8,1,0.335,1,0
29,5,free,1,30,motor,2,3,0,0.409,1,0
29,5,free,1,30,motor,2,2,1,0.125,2,0
29,5,free,1,31,motor,7,7,1,0.513,1,0
29,5,free,1,32,motor,2,2,1,0.384,1,0
29,5,free,1,33,motor,6,6,1,0.639,1,0
29,5,free,1,34,motor,2,3,0,0.524,1,0
29,5,free,1,34,motor,2,2,1,0.294,2,0
29,5,free,1,35,motor,7,7,1,0.599,1,0
29,5,free,1,36,motor,5,5,1,0.493,1,0
29,5,free,1,37,motor,8,8,1,0.400,1,0
29,5,free,1,38,motor,3,3,1,0.612,1,0
29,5,free,1,39,motor,8,7,0,0.394,1,0
29,5,free,1,39,motor,8,8,1,0.076,2,0
29,5,free,1,40,motor,3,3,1,0.513,1,0
29,5,free,1,41,motor,4,4,1,0.581,1,0
29,5,free,1,42,motor,7,7,1,0.552,1,0
29,5,free,1,43,motor,6,6,1,0.430,1,0
29,5,free,1,44,motor,3,3,1,0.602,1,0
29,5,free,1,45,motor,1,1,1,0.420,1,0
29,5,free,1,46,motor,8,8,1,0.431,1,0
29,5,free,1,47,motor,4,4,1,0.470,1,0
29,5,free,1,48,motor,6,6,1,0.883,1,0
29,5,free,1,49,motor,1,1,1,0.462,1,0
29,5,free,1,50,motor,6,6,1,0.531,1,0
29,5,free,1,51,motor,1,1,1,0.427,1,0
29,5,free,1,52,motor,5,5,1,0.602,1,0
29,5,free,1,53,motor,3,3,1,0.536,1,0
29,5,free,1,54,motor,8,8,1,0.406,1,0
29,5,free,1,55,motor,4,4,1,0.457,1,0
29,5,free,1,56,motor,5,5,1,0.576,1,0
29,5,free,1,57,motor,6,6,1,0.401,1,0
29,5,free,1,58,motor,5,5,1,0.354,1,0
29,5,free,1,59,motor,1,1,1,0.432,1,0
29,5,free,1,60,motor,2,3,0,0.315,1,0
29,5,free,1,60,motor,2,2,1,0.147,2,0
29,5,free,1,61,motor,5,7,0,0.369,1,0
29,5,free,1,61,motor,5,5,1,0.369,2,0
29,5,free,1,62,motor,2,2,1,0.521,1,0
29,5,free,1,63,motor,6,6,1,0.669,1,0
29,5,free,1,64,motor,3,3,1,0.545,1,0
29,5,free,1,65,motor,7,7,1,0.831,1,0
29,5,free,1,66,motor,8,8,1,0.591,1,0
29,5,free,1,67,motor,2,2,1,0.516,1,0
29,5,free,1,68,motor,1,1,1,0.392,1,0
29,5,free,1,69,motor,2,2,1,0.335,1,0
29,5,free,1,70,motor,1,1,1,0.299,1,0
29,5,free,1,71,motor,4,4,1,0.452,1,0
29,5,free,1,72,motor,7,7,1,0.450,1,0
29,5,free,1,73,motor,4,4,1,0.487,1,0
29,5,free,1,74,motor,2,2,1,0.438,1,0
29,5,free,1,75,motor,1,1,1,0.287,1,0
29,5,free,1,76,motor,8,8,1,0.420,1,0
29,5,free,1,77,motor,6,7,0,0.451,1,0
29,5,free,1,77,motor,6,5,0,0.280,2,0
29,5,free,1,77,motor,6,6,1,0.168,3,0
29,5,free,1,78,motor,8,8,1,0.474,1,0
29,5,free,1,79,motor,7,7,1,0.445,1,0
29,5,free,1,80,motor,2,2,1,0.505,1,0
29,5,free,1,81,motor,5,5,1,0.548,1,0
29,5,free,1,82,motor,2,2,1,0.466,1,0
29,5,free,1,83,motor,5,5,1,0.422,1,0
29,5,free,1,84,motor,3,3,1,0.459,1,0
29,5,free,1,85,motor,5,5,1,0.517,1,0
29,5,free,1,86,motor,2,2,1,0.730,1,0
29,5,free,1,87,motor,3,3,1,0.409,1,0
29,5,free,1,88,motor,7,7,1,0.723,1,0
29,5,free,1,89,motor,3,3,1,0.490,1,0
29,5,free,1,90,motor,3,3,1,1.146,1,0
29,5,free,1,91,motor,6,7,0,0.778,1,0
29,5,free,1,91,motor,6,6,1,0.141,2,0
29,5,free,1,92,motor,3,3,1,0.530,1,0
29,5,free,1,93,motor,2,2,1,0.450,1,0
29,5,free,1,94,motor,6,6,1,0.507,1,0
29,5,free,1,95,motor,3,2,0,0.469,1,0
29,5,free,1,95,motor,3,3,1,0.137,2,0
29,5,free,1,96,motor,1,1,1,0.420,1,0
29,5,free,1,97,motor,6,5,0,0.871,1,0
29,5,free,1,97,motor,6,6,1,0.148,2,0
29,5,free,1,98,motor,6,6,1,0.790,1,0
29,5,free,1,99,motor,1,1,1,0.557,1,0
29,5,free,1,100,motor,3,3,1,0.513,1,0
29,5,free,1,101,motor,6,6,1,0.827,1,0
29,5,free,1,102,motor,2,2,1,0.499,1,0
29,5,free,1,103,motor,8,8,1,0.534,1,0
29,5,free,1,104,motor,7,7,1,0.463,1,0
29,5,free,1,105,motor,5,6,0,0.652,1,0
29,5,free,1,105,motor,5,5,1,0.363,2,0
29,5,free,1,106,motor,8,8,1,0.421,1,0
29,5,free,1,107,motor,8,8,1,0.975,1,0
29,5,free,1,108,motor,6,6,1,0.656,1,0
29,5,free,1,109,motor,5,5,1,0.132,1,0
29,5,free,1,110,motor,8,8,1,0.487,1,0
29,5,free,1,111,motor,6,5,0,0.783,1,0
29,5,free,1,111,motor,6,6,1,0.156,2,0
29,5,free,1,112,motor,7,7,1,0.380,1,0
29,5,free,1,113,motor,1,1,1,0.465,1,0
29,5,free,1,114,motor,2,2,1,0.371,1,0
29,5,free,1,115,motor,8,8,1,0.391,1,0
29,5,free,1,116,motor,5,5,1,0.465,1,0
29,5,free,1,117,motor,1,1,1,0.517,1,0
29,5,free,1,118,motor,2,2,1,0.379,1,0
29,5,free,1,119,motor,2,2,1,1.293,1,0
29,5,free,1,120,motor,3,3,1,0.457,1,0
29,5,free,1,121,motor,5,5,1,0.496,1,0
29,5,free,1,122,motor,6,6,1,0.320,1,0
29,5,free,1,123,motor,5,5,1,0.335,1,0
29,5,free,1,124,motor,6,6,1,0.329,1,0
29,5,free,1,125,motor,4,2,0,0.405,1,0
29,5,free,1,125,motor,4,4,1,0.091,2,0
29,5,free,1,126,motor,2,3,0,0.776,1,0
29,5,free,1,126,motor,2,2,1,0.182,2,0
29,5,free,1,127,motor,8,8,1,0.427,1,0
29,5,free,1,128,motor,2,2,1,0.493,1,0
29,5,free,1,129,motor,5,5,1,0.458,1,0
29,5,free,1,130,motor,1,1,1,0.551,1,0
29,5,free,1,131,motor,3,3,1,0.549,1,0
29,5,free,1,132,motor,4,4,1,0.387,1,0
29,5,free,1,133,motor,6,6,1,0.620,1,0
29,5,free,1,134,motor,8,8,1,0.321,1,0
29,5,free,1,135,motor,4,4,1,0.524,1,0
29,5,free,1,136,motor,7,7,1,0.465,1,0
29,5,free,1,137,motor,1,1,1,0.425,1,0
29,5,free,1,138,motor,6,7,0,0.993,1,0
29,5,free,1,138,motor,6,6,1,0.168,2,0
29,5,free,1,139,motor,4,4,1,0.505,1,0
29,5,free,1,140,motor,1,1,1,0.491,1,0
29,5,free,1,141,motor,3,3,1,0.808,1,0
29,5,free,1,142,motor,8,8,1,0.415,1,0
29,5,free,1,143,motor,7,7,1,0.612,1,0
29,5,free,1,144,motor,4,4,1,0.510,1,0
29,5,free,1,145,motor,6,6,1,0.493,1,0
29,5,free,1,146,motor,1,1,1,0.372,1,0
29,5,free,1,147,motor,5,5,1,0.618,1,0
29,5,free,1,148,motor,5,5,1,0.525,1,0
29,5,free,1,149,motor,4,4,1,0.482,1,0
29,5,free,1,150,motor,3,3,1,0.330,1,0
29,5,free,1,151,motor,1,1,1,0.286,1,0
29,5,free,1,152,motor,7,7,1,0.521,1,0
29,5,free,1,153,motor,3,5,0,0.328,1,0
29,5,free,1,153,motor,3,3,1,0.095,2,0
29,5,free,1,154,motor,5,5,1,1.088,1,0
29,5,free,1,155,motor,7,7,1,0.424,1,0
29,5,free,1,156,motor,8,8,1,0.333,1,0
29,5,free,1,157,motor,5,5,1,0.670,1,0
29,5,free,1,158,motor,4,4,1,0.404,1,0
29,5,free,1,159,motor,5,5,1,0.658,1,0
29,5,free,1,160,motor,4,4,1,0.316,1,0
29,5,free,1,161,motor,1,1,1,0.393,1,0
29,5,free,1,162,motor,5,5,1,0.465,1,0
29,5,free,1,163,motor,1,1,1,0.773,1,0
29,5,free,1,164,motor,6,5,0,0.365,1,0
29,5,free,1,164,motor,6,6,1,0.211,2,0
29,5,free,1,165,motor,2,2,1,0.543,1,0
29,5,free,1,166,motor,4,4,1,0.502,1,0
29,5,free,1,167,motor,8,8,1,0.456,1,0
29,5,free,1,168,motor,4,4,1,0.473,1,0
29,5,free,1,169,motor,5,5,1,0.564,1,0
29,5,free,1,170,motor,2,2,1,0.581,1,0
29,5,free,1,171,motor,3,3,1,0.332,1,0
29,5,free,1,172,motor,6,7,0,0.560,1,0
29,5,free,1,172,motor,6,6,1,0.211,2,0
29,5,free,1,173,motor,5,5,1,0.398,1,0
29,5,free,1,174,motor,6,6,1,0.320,1,0
29,5,free,1,175,motor,2,2,1,0.422,1,0
29,5,free,1,176,motor,7,7,1,0.580,1,0
29,5,free,1,177,motor,7,7,1,0.409,1,0
29,5,free,1,178,motor,2,2,1,0.634,1,0
29,5,free,1,179,motor,7,7,1,0.491,1,0
29,5,free,1,180,motor,3,3,1,0.407,1,0
29,5,free,1,181,motor,2,2,1,0.356,1,0
29,5,free,1,182,motor,2,2,1,0.534,1,0
29,5,free,1,183,motor,6,6,1,0.614,1,0
29,5,free,1,184,motor,5,5,1,0.443,1,0
29,5,free,1,185,motor,7,7,1,0.287,1,0
29,5,free,1,186,motor,8,8,1,0.313,1,0
29,5,free,1,187,motor,3,3,1,0.609,1,0
29,5,free,1,188,motor,8,8,1,0.322,1,0
29,5,free,1,189,motor,7,7,1,0.343,1,0
29,5,free,1,190,motor,4,4,1,0.520,1,0
29,5,free,1,191,motor,3,3,1,0.308,1,0
29,5,free,1,192,motor,2,2,1,0.335,1,0
29,5,free,1,193,motor,8,8,1,0.330,1,0
29,5,free,1,194,motor,4,4,1,0.480,1,0
29,5,free,1,195,motor,8,7,0,0.306,1,0
29,5,free,1,195,motor,8,8,1,0.352,2,0
29,5,free,1,196,motor,7,7,1,0.465,1,0
29,5,free,1,197,motor,7,7,1,0.381,1,0
29,5,free,1,198,motor,5,5,1,0.544,1,0
29,5,free,1,199,motor,7,7,1,0.318,1,0
29,5,free,1,200,motor,1,4,0,0.609,1,0
29,5,free,1,200,motor,1,1,1,0.195,2,0
29,5,free,1,201,motor,8,8,1,0.373,1,0
29,5,free,1,202,motor,7,7,1,0.379,1,0
29,5,free,1,203,motor,2,2,1,0.531,1,0
29,5,free,1,204,motor,1,1,1,0.382,1,0
29,5,free,1,205,motor,7,7,1,0.414,1,0
29,5,free,1,206,motor,6,6,1,0.429,1,0
29,5,free,1,207,motor,2,2,1,0.925,1,0
29,5,free,1,208,motor,4,4,1,0.391,1,0
29,5,free,1,209,motor,2,2,1,0.692,1,0
29,5,free,1,210,motor,5,5,1,0.426,1,0
29,5,free,1,211,motor,3,2,0,0.356,1,0
29,5,free,1,211,motor,3,3,1,0.310,2,0
29,5,free,1,212,motor,1,1,1,0.361,1,0
29,5,free,1,213,motor,4,4,1,0.459,1,0
29,5,free,1,214,motor,2,2,1,0.544,1,0
29,5,free,1,215,motor,6,6,1,0.772,1,0
29,5,free,1,216,motor,8,8,1,0.329,1,0
29,5,free,1,217,motor,6,7,0,0.394,1,0
29,5,free,1,217,motor,6,6,1,0.229,2,0
29,5,free,1,218,motor,1,1,1,0.468,1,0
29,5,free,1,219,motor,4,4,1,0.501,1,0
29,5,free,1,220,motor,7,7,1,0.485,1,0
29,5,free,1,221,motor,7,7,1,0.503,1,0
29,5,free,1,222,motor,1,1,1,0.507,1,0
29,5,free,1,223,motor,6,5,0,0.619,1,0
29,5,free,1,223,motor,6,6,1,0.134,2,0
29,5,free,1,224,motor,3,3,1,0.465,1,0
29,5,free,1,225,motor,4,3,0,0.661,1,0
29,5,free,1,225,motor,4,4,1,0.081,2,0
29,5,free,1,226,motor,8,8,1,0.422,1,0
29,5,free,1,227,motor,2,2,1,0.577,1,0
29,5,free,1,228,motor,7,7,1,0.493,1,0
29,5,free,1,229,motor,5,5,1,0.498,1,0
29,5,free,1,230,motor,8,8,1,0.366,1,0
29,5,free,1,231,motor,2,2,1,0.678,1,0
29,5,free,1,232,motor,7,7,1,0.581,1,0
29,5,free,1,233,motor,5,5,1,0.454,1,0
29,5,free,1,234,motor,1,1,1,0.482,1,0
29,5,free,1,235,motor,8,8,1,0.326,1,0
29,5,free,1,236,motor,5,5,1,0.607,1,0
29,5,free,1,237,motor,2,3,0,0.932,1,0
29,5,free,1,237,motor,2,2,1,0.130,2,0
29,5,free,1,238,motor,4,4,1,0.578,1,0
29,5,free,1,239,motor,6,6,1,0.840,1,0
29,5,free,1,240,motor,2,2,1,0.441,1,0
29,5,free,1,241,motor,4,4,1,0.599,1,0
29,5,free,1,242,motor,3,4,0,0.365,1,0
29,5,free,1,242,motor,3,3,1,0.342,2,0
29,5,free,1,243,motor,7,7,1,0.517,1,0
29,5,free,1,244,motor,8,8,1,0.390,1,0
29,5,free,1,245,motor,6,7,0,0.578,1,0
29,5,free,1,245,motor,6,6,1,0.179,2,0
29,5,free,1,246,motor,8,8,1,0.344,1,0
29,5,free,1,247,motor,5,5,1,0.514,1,0
29,5,free,1,248,motor,6,6,1,0.688,1,0
29,5,free,1,249,motor,6,6,1,0.397,1,0
29,5,free,1,250,motor,8,8,1,0.352,1,0
29,5,free,1,251,motor,1,1,1,0.473,1,0
29,5,free,1,252,motor,6,6,1,0.480,1,0
29,5,free,1,253,motor,6,6,1,0.636,1,0
29,5,free,1,254,motor,5,6,0,0.452,1,0
29,5,free,1,254,motor,5,5,1,0.084,2,0
29,5,free,1,255,motor,3,3,1,0.517,1,0
29,5,free,1,256,motor,4,3,0,0.352,1,0
29,5,free,1,256,motor,4,4,1,0.219,2,0
29,5,free,1,257,motor,5,5,1,0.630,1,0
29,5,free,1,258,motor,4,4,1,0.524,1,0
29,5,free,1,259,motor,5,5,1,0.363,1,0
29,5,free,1,260,motor,5,5,1,0.582,1,0
29,5,free,1,261,motor,4,4,1,0.425,1,0
29,5,free,1,262,motor,3,3,1,0.408,1,0
29,5,free,1,263,motor,2,2,1,0.319,1,0
29,5,free,1,264,motor,6,7,0,0.459,1,0
29,5,free,1,264,motor,6,6,1,0.137,2,0
29,5,free,1,265,motor,6,6,1,0.656,1,0
29,5,free,1,266,motor,1,1,1,0.413,1,0
29,5,free,1,267,motor,3,3,1,0.537,1,0
29,5,free,1,268,motor,1,1,1,0.331,1,0
29,5,free,1,269,motor,8,8,1,0.420,1,0
29,5,free,1,270,motor,6,7,0,0.518,1,0
29,5,free,1,270,motor,6,6,1,0.121,2,0
29,5,free,1,271,motor,5,5,1,0.568,1,0
29,5,free,1,272,motor,3,3,1,0.512,1,0
29,5,free,1,273,motor,5,5,1,0.526,1,0
29,5,free,1,274,motor,7,7,1,0.572,1,0
29,5,free,1,275,motor,6,6,1,0.515,1,0
29,5,free,1,276,motor,1,1,1,0.471,1,0
29,5,free,1,277,motor,5,5,1,0.516,1,0
29,5,free,1,278,motor,4,4,1,0.312,1,0
29,5,free,1,279,motor,3,3,1,0.347,1,0
29,5,free,1,280,motor,3,3,1,0.324,1,0
29,5,free,1,281,motor,6,6,1,0.891,1,0
29,5,free,1,282,motor,4,4,1,0.547,1,0
29,5,free,1,283,motor,2,2,1,0.557,1,0
29,5,free,1,284,motor,6,6,1,0.770,1,0
29,5,free,1,285,motor,3,3,1,0.559,1,0
29,5,free,1,286,motor,4,4,1,0.334,1,0
29,5,free,1,287,motor,4,4,1,0.349,1,0
29,5,free,1,288,motor,7,7,1,0.527,1,0
29,5,free,1,289,motor,7,7,1,0.378,1,0
29,5,free,1,290,motor,5,5,1,0.459,1,0
29,5,free,1,291,motor,2,2,1,1.034,1,0
29,5,free,1,292,motor,7,7,1,0.343,1,0
29,5,free,1,293,motor,3,3,1,0.487,1,0
29,5,free,1,294,motor,7,7,1,0.352,1,0
29,5,free,1,295,motor,3,3,1,0.389,1,0
29,5,free,1,296,motor,1,1,1,0.414,1,0
29,5,free,1,297,motor,7,7,1,0.504,1,0
29,5,free,1,298,motor,2,3,0,0.346,1,0
29,5,free,1,298,motor,2,2,1,0.245,2,0
29,5,free,1,299,motor,2,2,1,0.815,1,0
29,5,free,1,300,motor,1,1,1,0.422,1,0
29,5,free,1,301,motor,4,4,1,0.468,1,0
29,5,free,1,302,motor,2,3,0,0.369,1,0
29,5,free,1,302,motor,2,2,1,0.239,2,0
29,5,free,1,303,motor,6,7,0,0.353,1,0
29,5,free,1,303,motor,6,6,1,0.250,2,0
29,5,free,1,304,motor,4,4,1,0.550,1,0
29,5,free,1,305,motor,5,5,1,0.838,1,0
29,5,free,1,306,motor,7,7,1,0.768,1,0
29,5,free,1,307,motor,3,4,0,0.471,1,0
29,5,free,1,307,motor,3,3,1,0.104,2,0
29,5,free,1,308,motor,2,2,1,0.444,1,0
29,5,free,1,309,motor,5,5,1,0.697,1,0
29,5,free,1,310,motor,5,5,1,0.639,1,0
29,5,free,1,311,motor,1,1,1,0.512,1,0
29,5,free,1,312,motor,3,3,1,0.355,1,0
29,5,free,1,313,motor,8,8,1,0.504,1,0
29,5,free,1,314,motor,2,2,1,0.892,1,0
29,5,free,1,315,motor,3,3,1,0.423,1,0
29,5,free,1,316,motor,2,2,1,0.334,1,0
29,5,free,1,317,motor,4,4,1,0.483,1,0
29,5,free,1,318,motor,1,1,1,0.383,1,0
29,5,free,1,319,motor,2,3,0,0.360,1,0
29,5,free,1,319,motor,2,2,1,0.288,2,0
29,5,free,1,320,motor,8,8,1,0.427,1,0
29,5,free,1,321,motor,6,6,1,0.846,1,0
29,5,free,1,322,motor,8,8,1,0.378,1,0
29,5,free,1,323,motor,3,3,1,0.524,1,0
29,5,free,1,324,motor,7,7,1,0.578,1,0
29,5,free,1,325,motor,6,6,1,0.393,1,0
29,5,free,1,326,motor,4,4,1,0.623,1,0
29,5,free,1,327,motor,7,7,1,0.354,1,0
29,5,free,1,328,motor,7,7,1,0.481,1,0
29,5,free,1,329,motor,1,1,1,0.390,1,0
29,5,free,1,330,motor,4,4,1,0.405,1,0
29,5,free,1,331,motor,3,3,1,0.438,1,0
29,5,free,1,332,motor,2,2,1,0.301,1,0
29,5,free,1,333,motor,3,3,1,0.378,1,0
29,5,free,1,334,motor,7,7,1,0.409,1,0
29,5,free,1,335,motor,1,1,1,0.442,1,0
29,5,free,1,336,motor,1,1,1,0.412,1,0
29,5,free,1,337,motor,2,2,1,0.429,1,0
29,5,free,1,338,motor,2,2,1,0.726,1,0
29,5,free,1,339,motor,8,8,1,0.468,1,0
29,5,free,1,340,motor,4,4,1,0.604,1,0
29,5,free,1,341,motor,6,6,1,0.768,1,0
29,5,free,1,342,motor,3,3,1,0.527,1,0
29,5,free,1,343,motor,4,4,1,0.476,1,0
29,5,free,1,344,motor,4,4,1,0.271,1,0
29,5,free,1,345,motor,3,3,1,0.484,1,0
29,5,free,1,346,motor,6,7,0,0.455,1,0
29,5,free,1,346,motor,6,6,1,0.133,2,0
29,5,free,1,347,motor,4,4,1,0.488,1,0
29,5,free,1,348,motor,6,6,1,0.565,1,0
29,5,free,1,349,motor,2,2,1,0.530,1,0
29,5,free,1,350,motor,8,8,1,0.568,1,0
29,5,free,1,351,motor,1,1,1,0.432,1,0
29,5,free,1,352,motor,5,5,1,0.638,1,0
29,5,free,1,353,motor,5,5,1,0.419,1,0
29,5,free,1,354,motor,6,6,1,0.508,1,0
29,5,free,1,355,motor,7,7,1,0.335,1,0
29,5,free,1,356,motor,1,1,1,0.381,1,0
29,5,free,1,357,motor,6,6,1,0.830,1,0
29,5,free,1,358,motor,8,8,1,0.361,1,0
29,5,free,1,359,motor,4,6,0,0.742,1,0
29,5,free,1,359,motor,4,4,1,0.165,2,0
29,5,free,1,360,motor,8,7,0,0.401,1,0
29,5,free,1,360,motor,8,8,1,0.061,2,0
29,5,free,1,361,motor,5,5,1,0.585,1,0
29,5,free,1,362,motor,3,3,1,0.569,1,0
29,5,free,1,363,motor,4,4,1,0.426,1,0
29,5,free,1,364,motor,6,6,1,1.255,1,0
29,5,free,1,365,motor,7,7,1,0.332,1,0
29,5,free,1,366,motor,4,4,1,0.463,1,0
29,5,free,1,367,motor,1,1,1,0.405,1,0
29,5,free,1,368,motor,7,7,1,0.582,1,0
29,5,free,1,369,motor,4,4,1,0.443,1,0
29,5,free,1,370,motor,6,6,1,0.561,1,0
29,5,free,1,371,motor,4,4,1,0.429,1,0
29,5,free,1,372,motor,7,7,1,0.356,1,0
29,5,free,1,373,motor,2,2,1,0.723,1,0
29,5,free,1,374,motor,2,2,1,0.682,1,0
29,5,free,1,375,motor,4,4,1,0.651,1,0
29,5,free,1,376,motor,1,1,1,0.344,1,0
29,5,free,1,377,motor,7,7,1,0.529,1,0
29,5,free,1,378,motor,6,7,0,0.064,1,0
29,5,free,1,378,motor,6,6,1,0.275,2,0
29,5,free,1,379,motor,1,1,1,0.442,1,0
29,5,free,1,380,motor,7,7,1,0.556,1,0
29,5,free,1,381,motor,4,4,1,0.494,1,0
29,5,free,1,382,motor,4,4,1,0.595,1,0
29,5,free,1,383,motor,8,8,1,0.383,1,0
29,5,free,1,384,motor,5,5,1,0.648,1,0
29,5,free,1,385,motor,8,8,1,0.331,1,0
29,5,free,1,386,motor,1,4,0,0.531,1,0
29,5,free,1,386,motor,1,1,1,0.089,2,0
29,5,free,1,387,motor,3,3,1,0.363,1,0
29,5,free,1,388,motor,3,3,1,1.223,1,0
29,5,free,1,389,motor,6,7,0,0.305,1,0
29,5,free,1,389,motor,6,6,1,0.216,2,0
29,5,free,1,390,motor,7,7,1,0.363,1,0
29,5,free,1,391,motor,2,3,0,0.620,1,0
29,5,free,1,391,motor,2,2,1,0.385,2,0
29,5,free,1,392,motor,4,4,1,0.385,1,0
29,5,free,1,393,motor,2,3,0,0.857,1,0
29,5,free,1,393,motor,2,2,1,0.143,2,0
29,5,free,1,394,motor,3,3,1,0.455,1,0
29,5,free,1,395,motor,2,2,1,0.360,1,0
29,5,free,1,396,motor,7,7,1,0.530,1,0
29,5,free,1,397,motor,8,8,1,0.358,1,0
29,5,free,1,398,motor,1,1,1,0.406,1,0
29,5,free,1,399,motor,2,2,1,0.384,1,0
29,5,free,1,400,motor,5,5,1,0.643,1,0
29,5,free,1,401,motor,7,7,1,0.388,1,0
29,5,free,1,402,motor,4,4,1,0.558,1,0
29,5,free,1,403,motor,8,8,1,0.420,1,0
29,5,free,1,404,motor,6,6,1,0.608,1,0
29,5,free,1,405,motor,6,6,1,0.460,1,0
29,5,free,1,406,motor,7,7,1,0.543,1,0
29,5,free,1,407,motor,8,8,1,0.638,1,0
29,5,free,1,408,motor,3,3,1,0.785,1,0
29,5,free,1,409,motor,5,7,0,0.313,1,0
29,5,free,1,409,motor,5,5,1,0.138,2,0
29,5,free,1,410,motor,3,3,1,0.480,1,0
29,5,free,1,411,motor,7,7,1,0.532,1,0
29,5,free,1,412,motor,1,1,1,0.410,1,0
29,5,free,1,413,motor,8,8,1,0.427,1,0
29,5,free,1,414,motor,4,4,1,0.470,1,0
29,5,free,1,415,motor,4,4,1,0.871,1,0
29,5,free,1,416,motor,2,3,0,0.449,1,0
29,5,free,1,416,motor,2,2,1,0.065,2,0
29,5,free,1,417,motor,5,5,1,0.607,1,0
29,5,free,1,418,motor,7,7,1,0.531,1,0
29,5,free,1,419,motor,6,6,1,0.566,1,0
29,5,free,1,420,motor,7,8,0,0.387,1,0
29,5,free,1,420,motor,7,7,1,0.165,2,0
29,5,free,1,421,motor,3,3,1,0.557,1,0
29,5,free,1,422,motor,4,4,1,0.536,1,0
29,5,free,1,423,motor,1,1,1,0.323,1,0
29,5,free,1,424,motor,5,5,1,0.534,1,0
29,5,free,1,425,motor,6,6,1,0.594,1,0
29,5,free,1,426,motor,7,7,1,0.278,1,0
29,5,free,1,427,motor,5,1,0,0.335,1,0
29,5,free,1,427,motor,5,5,1,0.430,2,0
29,5,free,1,428,motor,8,8,1,0.381,1,0
29,5,free,1,429,motor,5,5,1,0.334,1,0
29,5,free,1,430,motor,2,2,1,0.629,1,0
29,5,free,1,431,motor,8,8,1,0.627,1,0
29,5,free,1,432,motor,2,2,1,0.713,1,0
29,5,free,1,433,motor,3,3,1,0.321,1,0
29,5,free,1,434,motor,3,3,1,0.619,1,0
29,5,free,1,435,motor,8,7,0,0.354,1,0
29,5,free,1,435,motor,8,8,1,0.045,2,0
29,5,free,1,436,motor,1,1,1,0.408,1,0
29,5,free,1,437,motor,8,8,1,0.361,1,0
29,5,free,1,438,motor,1,1,1,0.403,1,0
29,5,free,1,439,motor,5,5,1,0.577,1,0
29,5,free,1,440,motor,3,3,1,0.614,1,0
29,5,free,1,441,motor,5,5,1,0.518,1,0
29,5,free,1,442,motor,6,6,1,0.489,1,0
29,5,free,1,443,motor,2,2,1,0.680,1,0
29,5,free,1,444,motor,1,1,1,0.300,1,0
29,5,free,1,445,motor,3,3,1,0.401,1,0
29,5,free,1,446,motor,5,5,1,0.494,1,0
29,5,free,1,447,motor,4,4,1,0.522,1,0
29,5,free,1,448,motor,1,1,1,0.376,1,0
29,5,free,1,449,motor,4,4,1,0.326,1,0
29,5,free,1,450,motor,5,5,1,0.317,1,0
29,5,free,1,451,motor,1,1,1,0.326,1,0
29,5,free,1,452,motor,8,8,1,0.347,1,0
29,5,free,1,453,motor,5,5,1,0.472,1,0
29,5,free,1,454,motor,4,4,1,0.317,1,0
29,5,free,1,455,motor,8,8,1,0.277,1,0
29,5,free,1,456,motor,8,8,1,0.515,1,0
29,5,free,1,457,motor,1,1,1,0.446,1,0
29,5,free,1,458,motor,1,1,1,0.424,1,0
29,5,free,1,459,motor,7,7,1,0.456,1,0
29,5,free,1,460,motor,6,6,1,0.349,1,0
29,5,free,1,461,motor,3,5,0,0.325,1,0
29,5,free,1,461,motor,3,3,1,0.126,2,0
29,5,free,1,462,motor,8,8,1,0.531,1,0
29,5,free,1,463,motor,8,8,1,0.480,1,0
29,5,free,1,464,motor,3,3,1,0.491,1,0
29,5,free,1,465,motor,3,3,1,0.613,1,0
29,5,free,1,466,motor,7,7,1,0.379,1,0
29,5,free,1,467,motor,2,3,0,0.773,1,0
29,5,free,1,467,motor,2,2,1,0.307,2,0
29,5,free,1,468,motor,4,4,1,0.460,1,0
29,5,free,1,469,motor,5,5,1,0.442,1,0
29,5,free,1,470,motor,8,8,1,0.320,1,0
29,5,free,1,471,motor,8,8,1,0.605,1,0
29,5,free,1,472,motor,3,3,1,0.526,1,0
29,5,free,1,473,motor,8,8,1,0.318,1,0
29,5,free,1,474,motor,1,1,1,0.354,1,0
29,5,free,1,475,motor,4,4,1,0.500,1,0
29,5,free,1,476,motor,4,4,1,0.545,1,0
29,5,free,1,477,motor,7,7,1,0.408,1,0
29,5,free,1,478,motor,6,6,1,0.311,1,0
29,5,free,1,479,motor,4,4,1,0.809,1,0
29,5,free,1,480,motor,1,1,1,0.332,1,0
29,5,free,1,481,motor,6,7,0,0.343,1,0
29,5,free,1,481,motor,6,3,0,0.315,2,0
29,5,free,1,481,motor,6,6,1,0.265,3,0
29,5,free,1,482,motor,4,4,1,0.582,1,0
29,5,free,1,483,motor,8,8,1,0.362,1,0
29,5,free,1,484,motor,2,2,1,0.559,1,0
29,5,free,1,485,motor,1,1,1,0.356,1,0
29,5,free,1,486,motor,3,3,1,0.465,1,0
29,5,free,1,487,motor,5,5,1,0.486,1,0
29,5,free,1,488,motor,5,5,1,0.375,1,0
29,5,free,1,489,motor,1,1,1,0.388,1,0
29,5,free,3,2,sr,4,4,1,0.819,1,0
29,5,free,3,3,sr,6,6,1,0.825,1,0
29,5,free,3,4,sr,5,7,0,0.650,1,0
29,5,free,3,5,sr,5,6,0,0.652,1,0
29,5,free,3,6,sr,6,4,0,0.954,1,0
29,5,free,4,1,learn,3,1,0,0.424,1,1
29,5,free,4,2,learn,7,2,0,0.424,1,1
29,5,free,4,3,learn,1,3,0,1.019,1,1
29,5,free,4,4,learn,4,5,0,0.494,1,1
29,5,free,4,5,learn,6,6,1,0.537,1,1
29,5,free,4,6,learn,2,7,0,0.732,1,1
29,5,free,4,7,learn,7,8,0,0.423,1,2
29,5,free,4,8,learn,5,4,0,0.933,1,1
29,5,free,4,9,learn,8,3,0,0.340,1,1
29,5,free,4,10,learn,8,2,0,0.664,1,2
29,5,free,4,11,learn,7,1,0,1.517,1,3
29,5,free,4,12,learn,2,2,1,0.637,1,2
29,5,free,4,13,learn,1,3,0,0.884,1,2
29,5,free,4,14,learn,3,4,0,0.474,1,2
29,5,free,4,15,learn,4,1,0,0.367,1,2
29,5,free,4,16,learn,3,5,0,0.341,1,3
29,5,free,4,17,learn,8,6,0,0.337,1,3
29,5,free,4,18,learn,6,7,0,0.736,1,2
29,5,free,4,19,learn,5,8,0,0.368,1,2
29,5,free,4,20,learn,6,7,0,0.928,1,3
29,5,free,4,21,learn,1,8,0,1.632,1,3
29,5,free,4,22,learn,5,8,0,0.365,1,3
29,5,free,4,23,learn,5,8,0,1.012,1,4
29,5,free,4,24,learn,4,8,0,0.573,1,3
29,5,free,4,25,learn,7,8,0,0.728,1,4
29,5,free,4,26,learn,2,7,0,1.890,1,3
29,5,free,4,27,learn,2,7,0,1.074,1,4
29,5,free,4,28,learn,4,7,0,0.464,1,4
29,5,free,4,29,learn,1,6,0,0.339,1,4
29,5,free,4,30,learn,3,4,0,0.375,1,4
29,5,free,4,31,learn,7,3,0,0.396,1,5
29,5,free,4,32,learn,8,2,0,0.324,1,4
29,5,free,4,33,learn,6,1,0,0.246,1,4
29,5,free,4,34,learn,1,5,0,0.980,1,5
29,5,free,4,35,learn,5,6,0,0.368,1,5
29,5,free,4,36,learn,2,7,0,1.150,1,5
29,5,free,4,37,learn,6,8,0,0.506,1,5
29,5,free,4,38,learn,4,8,0,1.683,1,5
29,5,free,4,39,learn,8,6,0,1.921,1,5
29,5,free,4,40,learn,5,7,0,0.550,1,6
29,5,free,4,41,learn,4,4,1,1.279,1,6
29,5,free,4,42,learn,3,5,0,1.452,1,5
29,5,free,4,43,learn,1,6,0,0.902,1,6
29,5,free,4,44,learn,3,4,0,0.654,1,6
29,5,free,4,45,learn,7,6,0,2.242,1,6
29,5,free,4,46,learn,8,7,0,0.932,1,6
29,5,free,4,47,learn,2,8,0,0.615,1,6
29,5,free,4,48,learn,6,7,0,0.908,1,6
29,5,free,4,49,learn,6,6,1,0.287,1,7
29,5,free,4,50,learn,7,4,0,0.765,1,7
29,5,free,4,51,learn,1,5,0,0.099,1,7
29,5,free,4,52,learn,8,6,0,1.256,1,7
29,5,free,4,53,learn,5,7,0,0.685,1,7
29,5,free,4,54,learn,3,3,1,0.611,1,7
29,5,free,4,55,learn,2,2,1,1.180,1,7
29,5,free,4,56,learn,4,1,0,0.581,1,7
29,5,free,4,57,learn,5,6,0,1.291,1,8
29,5,free,4,58,learn,4,4,1,0.863,1,8
29,5,free,4,59,learn,8,6,0,1.549,1,8
29,5,free,4,60,learn,1,8,0,0.611,1,8
29,5,free,4,61,learn,6,6,1,0.614,1,8
29,5,free,4,62,learn,8,4,0,1.771,1,9
29,5,free,4,63,learn,7,3,0,0.588,1,8
29,5,free,4,64,learn,3,4,0,1.618,1,8
29,5,free,4,65,learn,4,1,0,0.388,1,9
29,5,free,4,66,learn,7,2,0,0.536,1,9
29,5,free,4,67,learn,2,6,0,0.900,1,8
29,5,free,4,68,learn,2,5,0,1.409,1,9
29,5,free,4,69,learn,3,7,0,1.515,1,9
29,5,free,4,70,learn,5,8,0,3.242,1,9
29,5,free,4,71,learn,6,1,0,0.630,1,9
29,5,free,4,72,learn,2,2,1,1.655,1,10
29,5,free,4,73,learn,6,6,1,0.992,1,10
29,5,free,4,74,learn,1,7,0,0.980,1,9
29,5,free,4,75,learn,3,3,1,0.370,1,10
29,5,free,4,76,learn,4,4,1,1.392,1,10
29,5,free,4,77,learn,8,6,0,1.248,1,10
29,5,free,4,78,learn,7,5,0,1.092,1,10
29,5,free,4,79,learn,1,7,0,0.435,1,10
29,5,free,4,80,learn,4,2,0,0.768,1,11
29,5,free,4,81,learn,6,2,0,1.546,1,11
29,5,free,4,82,learn,5,6,0,1.986,1,10
29,5,free,4,83,learn,8,4,0,1.985,1,11
29,5,free,4,84,learn,5,1,0,1.400,1,11
29,5,free,4,85,learn,3,3,1,0.379,1,11
29,5,free,4,86,learn,2,6,0,1.099,1,11
29,5,free,4,87,learn,7,4,0,0.773,1,11
29,5,free,4,88,learn,3,3,1,0.431,1,12
29,5,free,4,89,learn,7,2,0,0.967,1,12
29,5,free,4,90,learn,1,6,0,1.232,1,11
29,5,free,4,91,learn,1,5,0,0.299,1,12
29,5,free,4,92,learn,5,7,0,0.307,1,12
29,5,free,4,93,learn,2,1,0,0.937,1,12
29,5,free,4,94,learn,6,7,0,1.350,1,12
29,5,free,4,95,learn,4,3,0,1.131,1,12
29,5,free,4,96,learn,1,6,0,1.011,1,13
29,5,free,4,97,learn,8,4,0,1.557,1,12
29,5,free,4,98,learn,7,3,0,0.384,1,13
29,5,free,4,99,learn,2,2,1,1.378,1,13
29,5,free,4,100,learn,8,3,0,2.166,1,13
29,5,free,4,101,learn,3,6,0,1.725,1,13
29,5,free,4,102,learn,6,2,0,1.088,1,13
29,5,free,4,103,learn,6,1,0,0.496,1,14
29,5,free,4,104,learn,8,3,0,1.365,1,14
29,5,free,4,105,learn,4,6,0,1.549,1,13
29,5,free,4,106,learn,5,8,0,1.400,1,13
29,5,free,4,107,learn,7,7,1,0.311,1,14
29,5,free,4,108,learn,5,6,0,1.098,1,14
29,5,free,4,109,learn,4,8,0,0.460,1,14
29,5,free,4,110,learn,2,5,0,0.219,1,14
29,5,free,4,111,learn,1,1,1,1.462,1,14
29,5,free,4,112,learn,1,1,1,0.704,1,15
29,5,free,4,113,learn,3,3,1,1.112,1,14
29,5,free,4,114,learn,5,7,0,0.754,1,15
29,5,free,4,115,learn,2,6,0,0.738,1,15
29,5,free,4,116,learn,4,2,0,0.830,1,15
29,5,free,4,117,learn,3,3,1,0.688,1,15
29,5,free,4,118,learn,6,2,0,0.516,1,15
29,5,free,4,119,learn,8,1,0,0.528,1,15
29,5,free,4,120,learn,7,8,0,1.765,1,15
29,5,free,4,121,learn,6,7,0,0.014,1,16
29,5,free,4,122,learn,2,6,0,1.285,1,16
29,5,free,4,123,learn,3,2,0,1.105,1,16
29,5,free,4,124,learn,4,2,0,0.948,1,16
29,5,free,4,125,learn,7,3,0,0.968,1,16
29,5,free,4,126,learn,5,4,0,1.856,1,16
29,5,free,4,127,learn,1,5,0,0.885,1,16
29,5,free,4,128,learn,8,6,0,1.782,1,16
29,5,free,4,129,learn,1,7,0,1.991,1,17
29,5,free,4,130,learn,4,8,0,3.422,1,17
29,5,free,4,131,learn,6,1,0,0.553,1,17
29,5,free,4,132,learn,3,2,0,1.890,1,17
29,5,free,4,133,learn,2,3,0,0.588,1,17
29,5,free,4,134,learn,2,2,1,2.318,1,18
29,5,free,4,135,learn,7,3,0,3.014,1,17
29,5,free,4,136,learn,8,4,0,0.428,1,17
29,5,free,4,137,learn,5,4,0,0.639,1,17
29,5,free,4,138,learn,7,5,0,0.282,1,18
29,5,free,4,139,learn,3,3,1,1.432,1,18
29,5,free,4,140,learn,8,6,0,1.333,1,18
29,5,free,4,141,learn,1,3,0,2.163,1,18
29,5,free,4,142,learn,5,2,0,0.664,1,18
29,5,free,4,143,learn,4,1,0,0.754,1,18
29,5,free,4,144,learn,6,5,0,1.869,1,18
29,5,free,4,145,learn,5,6,0,1.230,1,19
29,5,free,4,146,learn,6,7,0,0.421,1,19
29,5,free,4,147,learn,8,8,1,2.504,1,19
29,5,free,4,148,learn,2,2,1,2.685,1,19
29,5,free,4,149,learn,2,2,1,0.846,1,20
29,5,free,4,150,learn,3,3,1,1.020,1,19
29,5,free,4,151,learn,4,4,1,1.493,1,19
29,5,free,4,152,learn,7,5,0,0.900,1,19
29,5,free,4,153,learn,1,6,0,0.654,1,19
29,5,free,4,154,learn,3,7,0,0.270,1,20
29,5,free,4,155,learn,8,8,1,1.217,1,20
29,5,free,4,156,learn,1,3,0,1.150,1,20
29,5,free,4,157,learn,4,1,0,0.972,1,20
29,5,free,4,158,learn,1,2,0,0.922,1,21
29,5,free,4,159,learn,5,7,0,0.865,1,20
29,5,free,4,160,learn,5,6,0,1.342,1,21
29,5,free,4,161,learn,6,3,0,1.563,1,20
29,5,free,4,162,learn,7,6,0,2.196,1,20
29,5,free,4,163,learn,3,3,1,0.985,1,21
29,5,free,4,164,learn,2,2,1,0.525,1,21
29,5,free,4,165,learn,5,1,0,1.220,1,22
29,5,free,4,166,learn,4,6,0,1.421,1,21
29,5,free,4,167,learn,7,7,1,0.888,1,21
29,5,free,4,168,learn,8,8,1,1.504,1,21
29,5,free,4,169,learn,4,6,0,2.404,1,22
29,5,free,4,170,learn,8,7,0,1.399,1,22
29,5,free,4,171,learn,6,2,0,1.319,1,21
29,5,free,4,172,learn,6,1,0,0.796,1,22
29,5,free,4,173,learn,1,2,0,0.965,1,22
29,5,free,4,174,learn,3,3,1,0.458,1,22
29,5,free,4,175,learn,4,3,0,1.561,1,23
29,5,free,4,176,learn,2,4,0,1.133,1,22
29,5,free,4,177,learn,7,7,1,0.636,1,22
29,5,free,4,178,learn,3,3,1,1.885,1,23
29,5,free,4,179,learn,6,6,1,2.521,1,23
29,5,free,4,180,learn,5,5,1,1.053,1,23
29,5,free,4,181,learn,2,4,0,1.529,1,23
29,5,free,4,182,learn,8,7,0,1.094,1,23
29,5,free,4,183,learn,7,2,0,0.515,1,23
29,5,free,4,184,learn,1,2,0,1.171,1,23
29,5,free,4,185,learn,2,4,0,2.823,1,24
29,5,free,4,186,learn,6,5,0,1.899,1,24
29,5,free,4,187,learn,1,2,0,1.736,1,24
29,5,free,4,188,learn,4,7,0,1.286,1,24
29,5,free,4,189,learn,5,5,1,2.855,1,24
29,5,free,4,190,learn,8,3,0,1.833,1,24
29,5,free,4,191,learn,8,2,0,3.084,1,25
29,5,free,4,193,learn,7,3,0,0.802,1,24
29,5,free,4,194,learn,3,2,0,0.328,1,25
29,5,free,4,195,learn,4,7,0,0.398,1,25
29,5,free,4,196,learn,7,8,0,0.758,1,25
29,5,free,4,197,learn,6,5,0,0.650,1,25
29,5,free,4,198,learn,2,3,0,1.069,1,25
29,5,free,4,199,learn,1,2,0,0.433,1,25
29,5,free,4,200,learn,5,4,0,0.701,1,25
29,5,free,4,201,learn,5,1,0,0.230,1,26
29,5,free,4,202,learn,2,2,1,0.469,1,26
29,5,free,4,203,learn,6,7,0,0.987,1,26
29,5,free,4,204,learn,4,6,0,0.589,1,26
29,5,free,4,205,learn,8,5,0,1.002,1,26
29,5,free,4,206,learn,1,2,0,1.213,1,26
29,5,free,4,207,learn,2,1,0,0.402,1,27
29,5,free,4,208,learn,3,3,1,1.027,1,26
29,5,free,4,209,learn,5,6,0,2.156,1,27
29,5,free,4,210,learn,3,5,0,0.601,1,27
29,5,free,4,211,learn,7,7,1,0.390,1,26
29,5,free,4,212,learn,6,6,1,0.974,1,27
29,5,free,4,213,learn,8,5,0,0.754,1,27
29,5,free,4,214,learn,7,4,0,0.555,1,27
29,5,free,4,215,learn,1,3,0,1.130,1,27
29,5,free,4,216,learn,4,2,0,0.610,1,27
29,5,free,4,217,learn,4,2,0,0.343,1,28
29,5,free,4,218,learn,8,1,0,2.164,1,28
29,5,free,4,219,learn,1,3,0,1.522,1,28
29,5,free,4,220,learn,7,7,1,1.400,1,28
29,5,free,4,221,learn,2,6,0,2.403,1,28
29,5,free,4,222,learn,5,6,0,1.424,1,28
29,5,free,4,223,learn,2,6,0,1.322,1,29
29,5,free,4,224,learn,6,6,1,0.627,1,28
29,5,free,4,225,learn,3,4,0,2.767,1,28
29,5,free,4,226,learn,6,7,0,0.551,1,29
29,5,free,4,227,learn,4,3,0,1.316,1,29
29,5,free,4,228,learn,3,2,0,0.268,1,29
29,5,free,4,229,learn,1,2,0,0.600,1,29
29,5,free,4,230,learn,5,7,0,2.540,1,29
29,5,free,4,231,learn,7,8,0,0.748,1,29
29,5,free,4,232,learn,8,6,0,0.495,1,29
29,5,free,4,233,learn,3,6,0,0.879,1,30
29,5,free,4,235,learn,1,3,0,0.565,1,30
29,5,free,4,236,learn,8,6,0,0.519,1,30
29,5,free,4,237,learn,6,7,0,0.289,1,30
29,5,free,4,238,learn,2,8,0,1.680,1,30
29,5,free,4,239,learn,5,7,0,0.400,1,30
29,5,free,4,240,learn,5,6,0,0.946,1,31
29,5,free,4,241,learn,7,5,0,2.295,1,30
29,5,free,4,242,learn,2,4,0,1.865,1,31
29,5,free,4,243,learn,8,7,0,1.504,1,31
29,5,free,4,244,learn,7,6,0,0.607,1,31
29,5,free,4,245,learn,3,3,1,1.078,1,31
29,5,free,4,246,learn,6,6,1,1.836,1,31
29,5,free,4,247,learn,4,7,0,2.137,1,31
29,5,free,4,248,learn,1,7,0,0.206,1,31
29,5,free,4,249,learn,4,6,0,1.065,1,32
29,5,free,4,250,learn,7,3,0,1.223,1,32
29,5,free,4,251,learn,8,7,0,3.472,1,32
29,5,free,4,252,learn,1,3,0,1.619,1,32
29,5,free,4,253,learn,1,4,0,2.029,1,33
29,5,free,4,254,learn,5,7,0,1.206,1,32
29,5,free,4,256,learn,8,6,0,0.619,1,33
29,5,free,4,257,learn,2,3,0,0.852,1,32
29,5,free,4,258,learn,6,6,1,0.715,1,32
29,5,free,4,259,learn,6,6,1,0.575,1,33
29,5,free,4,260,learn,4,4,1,2.222,1,33
29,5,free,4,261,learn,3,3,1,0.634,1,33
29,5,free,4,262,learn,2,2,1,0.701,1,33
29,5,free,4,263,learn,7,7,1,0.946,1,33
29,5,free,4,264,learn,5,6,0,1.863,1,33
29,5,free,4,265,learn,7,7,1,0.604,1,34
29,5,free,4,266,learn,6,6,1,1.041,1,34
29,5,free,4,267,learn,5,5,1,0.539,1,34
29,5,free,4,268,learn,1,4,0,1.445,1,34
29,5,free,4,269,learn,3,3,1,0.322,1,34
29,5,free,4,270,learn,8,7,0,0.869,1,34
29,5,free,4,271,learn,2,1,0,1.455,1,34
29,5,free,4,272,learn,4,3,0,1.050,1,34
29,5,free,4,273,learn,6,2,0,1.184,1,35
29,5,free,4,274,learn,4,4,1,2.063,1,35
29,5,free,4,275,learn,2,2,1,2.284,1,35
29,5,free,4,276,learn,8,3,0,1.446,1,35
29,5,free,4,277,learn,3,1,0,0.635,1,35
29,5,free,4,278,learn,7,7,1,1.195,1,35
29,5,free,4,279,learn,1,5,0,1.985,1,35
29,5,free,4,280,learn,5,5,1,1.340,1,35
29,5,free,4,281,learn,5,5,1,0.825,1,36
29,5,free,4,282,learn,1,3,0,1.323,1,36
29,5,free,4,283,learn,7,7,1,0.909,1,36
29,5,free,4,284,learn,6,7,0,0.401,1,36
29,5,free,4,285,learn,3,4,0,2.368,1,36
29,5,free,4,286,learn,8,7,0,1.779,1,36
29,5,free,4,287,learn,2,2,1,2.032,1,36
29,5,free,4,288,learn,4,3,0,1.630,1,36
29,5,free,4,289,learn,6,7,0,2.627,1,37
29,5,free,4,290,learn,2,4,0,1.805,1,37
29,5,free,4,291,learn,3,3,1,1.978,1,37
29,5,free,4,292,learn,4,4,1,1.384,1,37
29,5,free,4,293,learn,8,6,0,1.525,1,37
29,5,free,4,294,learn,5,5,1,1.728,1,37
29,5,free,4,295,learn,8,8,1,1.673,1,38
29,5,free,4,296,learn,1,3,0,1.662,1,37
29,5,free,4,297,learn,7,7,1,2.533,1,37
29,5,free,4,298,learn,7,7,1,0.570,1,38
29,5,free,4,299,learn,2,4,0,1.433,1,38
29,5,free,4,300,learn,6,4,0,0.769,1,38
29,5,free,4,301,learn,1,3,0,1.687,1,38
29,5,free,4,302,learn,4,1,0,2.068,1,38
29,5,free,4,303,learn,3,2,0,0.472,1,38
29,5,free,4,304,learn,8,7,0,1.987,1,39
29,5,free,4,305,learn,2,4,0,2.697,1,39
29,5,free,4,306,learn,7,7,1,1.761,1,39
29,5,free,4,307,learn,5,5,1,1.073,1,38
29,5,free,4,308,learn,5,5,1,0.763,1,39
29,5,free,4,309,learn,4,3,0,1.171,1,39
29,5,free,4,310,learn,7,7,1,1.743,1,40
29,5,free,4,311,learn,1,3,0,1.960,1,39
29,5,free,4,312,learn,6,6,1,2.444,1,39
29,5,free,4,313,learn,1,4,0,1.046,1,40
29,5,free,4,314,learn,3,2,0,2.656,1,39
29,5,free,4,315,learn,6,6,1,1.447,1,40
29,5,free,4,316,learn,3,3,1,2.151,1,40
29,5,free,4,317,learn,4,4,1,2.400,1,40
29,5,free,4,318,learn,8,6,0,1.584,1,40
29,5,free,4,319,learn,2,2,1,1.859,1,40
29,5,free,4,320,learn,4,4,1,1.443,1,41
29,5,free,4,321,learn,6,5,0,2.399,1,41
29,5,free,4,322,learn,8,8,1,1.953,1,41
29,5,free,4,323,learn,5,7,0,2.526,1,40
29,5,free,4,324,learn,5,6,0,0.742,1,41
29,5,free,4,325,learn,7,7,1,1.418,1,41
29,5,free,4,326,learn,2,4,0,2.631,1,41
29,5,free,4,327,learn,3,1,0,2.539,1,41
29,5,free,4,328,learn,1,3,0,0.376,1,41
29,5,free,4,329,learn,5,5,1,2.076,1,42
29,5,free,4,330,learn,6,6,1,0.767,1,42
29,5,free,4,331,learn,2,4,0,1.863,1,42
29,5,free,4,332,learn,4,4,1,1.731,1,42
29,5,free,4,333,learn,3,3,1,1.207,1,42
29,5,free,4,334,learn,7,7,1,2.813,1,42
29,5,free,4,335,learn,8,8,1,0.588,1,42
29,5,free,4,336,learn,1,4,0,2.124,1,42
29,5,free,4,337,learn,3,4,0,2.164,1,43
29,5,free,4,338,learn,1,2,0,2.988,1,43
29,5,free,4,339,learn,4,2,0,2.221,1,43
29,5,free,4,340,learn,4,1,0,0.509,1,44
29,5,free,4,341,learn,2,2,1,1.654,1,43
29,5,free,4,342,learn,6,5,0,1.821,1,43
29,5,free,4,343,learn,8,5,0,1.521,1,43
29,5,free,4,344,learn,5,5,1,1.980,1,43
29,5,free,4,345,learn,7,7,1,1.176,1,43
29,5,free,4,346,learn,8,8,1,1.440,1,44
29,5,free,4,347,learn,7,7,1,1.016,1,44
29,5,free,4,348,learn,5,6,0,1.233,1,44
29,5,free,4,349,learn,6,6,1,1.057,1,44
29,5,free,4,350,learn,2,2,1,1.522,1,44
29,5,free,4,351,learn,8,6,0,1.747,1,45
29,5,free,4,353,learn,1,4,0,0.185,1,44
29,5,free,4,354,learn,5,6,0,1.843,1,45
29,5,free,4,355,learn,4,2,0,2.062,1,45
29,5,free,4,356,learn,1,4,0,1.874,1,45
29,5,free,4,357,learn,7,7,1,2.588,1,45
29,5,free,4,358,learn,2,2,1,1.386,1,45
29,5,free,4,359,learn,3,3,1,1.461,1,45
29,5,free,4,360,learn,3,3,1,0.557,1,46
29,5,free,4,361,learn,6,6,1,1.729,1,45
29,5,free,4,362,learn,6,6,1,0.538,1,46
29,5,free,4,363,learn,5,5,1,0.886,1,46
29,5,free,4,364,learn,8,7,0,1.750,1,46
29,5,free,4,365,learn,4,1,0,2.027,1,46
29,5,free,4,366,learn,8,7,0,2.551,1,47
29,5,free,4,367,learn,1,4,0,3.343,1,46
29,5,free,4,368,learn,2,4,0,0.801,1,46
29,5,free,4,369,learn,5,5,1,2.016,1,47
29,5,free,4,370,learn,7,7,1,1.205,1,46
29,5,free,4,371,learn,2,3,0,1.752,1,47
29,5,free,4,372,learn,1,2,0,1.471,1,47
29,5,free,4,373,learn,4,4,1,2.816,1,47
29,5,free,4,374,learn,3,3,1,0.622,1,47
29,5,free,4,375,learn,6,6,1,2.711,1,47
29,5,free,4,376,learn,1,2,0,1.382,1,48
29,5,free,4,377,learn,7,7,1,2.677,1,47
29,5,free,4,378,learn,4,3,0,3.200,1,48
29,5,free,4,379,learn,6,6,1,2.127,1,48
29,5,free,4,380,learn,8,8,1,1.296,1,48
29,5,free,4,381,learn,5,5,1,0.711,1,48
29,5,free,4,382,learn,2,3,0,1.083,1,48
29,5,free,4,383,learn,7,6,0,1.024,1,48
29,5,free,4,384,learn,7,7,1,1.648,1,49
29,5,free,4,385,learn,3,2,0,1.035,1,48
29,5,free,4,386,learn,5,5,1,1.648,1,49
29,5,free,4,387,learn,3,3,1,3.067,1,49
29,5,free,4,388,learn,6,6,1,1.326,1,49
29,5,free,4,389,learn,1,1,1,2.457,1,49
29,5,free,4,390,learn,8,6,0,1.674,1,49
29,5,free,4,391,learn,6,6,1,2.582,1,50
29,5,free,4,392,learn,4,1,0,1.391,1,49
29,5,free,4,393,learn,8,8,1,2.506,1,50
29,5,free,4,394,learn,2,2,1,2.200,1,49
29,5,free,4,395,learn,2,2,1,0.646,1,50
29,5,free,4,396,learn,3,3,1,1.779,1,50
29,5,free,4,397,learn,1,1,1,0.997,1,50
29,5,free,4,398,learn,7,8,0,1.491,1,50
29,5,free,4,399,learn,4,4,1,2.101,1,50
29,5,free,4,400,learn,5,5,1,2.732,1,50
29,5,free,4,401,learn,2,1,0,1.664,1,51
29,5,free,4,402,learn,5,5,1,1.889,1,51
29,5,free,4,403,learn,4,4,1,2.312,1,51
29,5,free,4,404,learn,6,6,1,1.587,1,51
29,5,free,4,405,learn,7,8,0,1.926,1,51
29,5,free,4,406,learn,3,3,1,2.196,1,51
29,5,free,4,407,learn,5,5,1,1.704,1,52
29,5,free,4,408,learn,8,7,0,1.740,1,51
29,5,free,4,409,learn,7,7,1,2.079,1,52
29,5,free,4,410,learn,6,6,1,2.867,1,52
29,5,free,4,411,learn,4,4,1,2.707,1,52
29,5,free,4,412,learn,1,1,1,1.863,1,51
29,5,free,4,413,learn,2,2,1,0.940,1,52
29,5,free,4,414,learn,1,1,1,0.962,1,52
29,5,free,4,415,learn,3,2,0,1.315,1,52
29,5,free,4,416,learn,3,3,1,1.760,1,53
29,5,free,4,417,learn,8,6,0,2.433,1,52
29,5,free,4,418,learn,5,5,1,1.982,1,53
29,5,free,4,420,learn,1,1,1,0.057,1,53
29,5,free,4,421,learn,8,6,0,2.040,1,53
29,5,free,4,422,learn,4,3,0,2.149,1,53
29,5,free,4,423,learn,7,6,0,1.672,1,53
29,5,free,4,424,learn,8,8,1,3.186,1,54
29,5,free,4,425,learn,6,6,1,1.393,1,53
29,5,free,4,426,learn,2,2,1,2.270,1,53
29,5,free,4,427,learn,1,1,1,1.006,1,54
29,5,free,4,428,learn,2,2,1,0.713,1,54
29,5,free,4,429,learn,4,4,1,2.672,1,54
29,5,free,4,430,learn,6,7,0,1.930,1,54
29,5,free,4,431,learn,7,7,1,1.897,1,54
29,5,free,4,432,learn,7,7,1,0.600,1,55
29,5,free,4,433,learn,5,5,1,0.988,1,54
29,5,free,4,434,learn,3,3,1,2.850,1,55
29,5,free,4,435,learn,4,4,1,0.738,1,55
29,5,free,4,436,learn,8,8,1,1.941,1,55
29,5,free,4,437,learn,1,4,0,2.246,1,55
29,5,free,4,438,learn,5,5,1,2.507,1,55
29,5,free,4,440,learn,6,2,0,0.161,1,55
