id,group_id,task_type,block,trial,stim_type,stim_index,resp_index,correct,t_reaction,attempt_number,iter,day
18,6,free,1,1,motor,6,6,1,0.533,1,0,8
18,6,free,1,2,motor,4,4,1,0.580,1,0,8
18,6,free,1,3,motor,1,1,1,0.551,1,0,8
18,6,free,1,4,motor,3,3,1,0.560,1,0,8
18,6,free,1,5,motor,5,5,1,0.679,1,0,8
18,6,free,1,6,motor,8,8,1,0.585,1,0,8
18,6,free,1,7,motor,5,5,1,0.531,1,0,8
18,6,free,1,8,motor,8,8,1,0.416,1,0,8
18,6,free,1,9,motor,4,4,1,0.541,1,0,8
18,6,free,1,10,motor,7,7,1,0.631,1,0,8
18,6,free,1,11,motor,6,6,1,0.531,1,0,8
18,6,free,1,12,motor,6,6,1,0.342,1,0,8
18,6,free,1,13,motor,4,4,1,0.484,1,0,8
18,6,free,1,14,motor,5,5,1,0.474,1,0,8
18,6,free,1,15,motor,7,7,1,0.471,1,0,8
18,6,free,1,16,motor,3,3,1,0.539,1,0,8
18,6,free,1,17,motor,4,4,1,0.436,1,0,8
18,6,free,1,18,motor,5,5,1,0.420,1,0,8
18,6,free,1,19,motor,1,1,1,0.461,1,0,8
18,6,free,1,20,motor,5,5,1,0.480,1,0,8
18,6,free,1,21,motor,2,2,1,0.511,1,0,8
18,6,free,1,22,motor,8,8,1,0.468,1,0,8
18,6,free,1,23,motor,1,1,1,0.484,1,0,8
18,6,free,1,24,motor,3,3,1,0.550,1,0,8
18,6,free,1,25,motor,7,7,1,0.638,1,0,8
18,6,free,1,26,motor,2,2,1,0.477,1,0,8
18,6,free,1,27,motor,3,3,1,0.519,1,0,8
18,6,free,1,28,motor,1,1,1,0.406,1,0,8
18,6,free,1,29,motor,8,8,1,0.468,1,0,8
18,6,free,1,30,motor,7,7,1,0.589,1,0,8
18,6,free,1,31,motor,1,1,1,0.527,1,0,8
18,6,free,1,32,motor,2,2,1,0.480,1,0,8
18,6,free,1,33,motor,4,4,1,0.481,1,0,8
18,6,free,1,34,motor,1,1,1,0.506,1,0,8
18,6,free,1,35,motor,7,7,1,0.546,1,0,8
18,6,free,1,36,motor,3,3,1,0.565,1,0,8
18,6,free,1,37,motor,6,7,0,0.440,1,0,8
18,6,free,1,37,motor,6,6,1,0.520,2,0,8
18,6,free,1,38,motor,8,8,1,0.456,1,0,8
18,6,free,1,39,motor,5,5,1,0.483,1,0,8
18,6,free,1,40,motor,5,5,1,0.579,1,0,8
18,6,free,1,41,motor,3,3,1,0.586,1,0,8
18,6,free,1,42,motor,8,8,1,0.625,1,0,8
18,6,free,1,43,motor,3,3,1,0.457,1,0,8
18,6,free,1,44,motor,2,2,1,0.459,1,0,8
18,6,free,1,45,motor,1,1,1,0.368,1,0,8
18,6,free,1,46,motor,4,4,1,0.399,1,0,8
18,6,free,1,47,motor,1,1,1,0.366,1,0,8
18,6,free,1,48,motor,5,5,1,0.401,1,0,8
18,6,free,1,49,motor,2,2,1,0.484,1,0,8
18,6,free,1,50,motor,1,1,1,0.412,1,0,8
18,6,free,1,51,motor,8,8,1,0.510,1,0,8
18,6,free,1,52,motor,7,7,1,0.495,1,0,8
18,6,free,1,53,motor,6,6,1,0.344,1,0,8
18,6,free,1,54,motor,8,8,1,0.402,1,0,8
18,6,free,1,55,motor,6,6,1,0.363,1,0,8
18,6,free,1,56,motor,4,3,0,0.593,1,0,8
18,6,free,1,56,motor,4,4,1,0.298,2,0,8
18,6,free,1,57,motor,1,1,1,0.474,1,0,8
18,6,free,1,58,motor,5,5,1,0.491,1,0,8
18,6,free,1,59,motor,4,4,1,0.368,1,0,8
18,6,free,1,60,motor,3,2,0,0.409,1,0,8
18,6,free,1,60,motor,3,3,1,0.291,2,0,8
18,6,free,1,61,motor,5,5,1,0.450,1,0,8
18,6,free,1,62,motor,7,7,1,0.523,1,0,8
18,6,free,1,63,motor,1,1,1,0.476,1,0,8
18,6,free,1,64,motor,6,6,1,0.465,1,0,8
18,6,free,1,65,motor,8,8,1,0.397,1,0,8
18,6,free,1,66,motor,5,5,1,0.435,1,0,8
18,6,free,1,67,motor,1,1,1,0.494,1,0,8
18,6,free,1,68,motor,6,6,1,0.526,1,0,8
18,6,free,1,69,motor,6,6,1,0.335,1,0,8
18,6,free,1,70,motor,4,4,1,0.519,1,0,8
18,6,free,1,71,motor,2,2,1,0.465,1,0,8
18,6,free,1,72,motor,1,1,1,0.363,1,0,8
18,6,free,1,73,motor,1,1,1,0.384,1,0,8
18,6,free,1,74,motor,7,6,0,0.506,1,0,8
18,6,free,1,74,motor,7,7,1,0.202,2,0,8
18,6,free,1,75,motor,7,7,1,0.729,1,0,8
18,6,free,1,76,motor,1,1,1,0.542,1,0,8
18,6,free,1,77,motor,3,3,1,0.554,1,0,8
18,6,free,1,78,motor,7,6,0,0.518,1,0,8
18,6,free,1,78,motor,7,7,1,0.329,2,0,8
18,6,free,1,79,motor,4,4,1,0.565,1,0,8
18,6,free,1,80,motor,5,5,1,0.435,1,0,8
18,6,free,1,81,motor,2,2,1,0.495,1,0,8
18,6,free,1,82,motor,5,5,1,0.431,1,0,8
18,6,free,1,83,motor,6,6,1,0.531,1,0,8
18,6,free,1,84,motor,8,8,1,0.537,1,0,8
18,6,free,1,85,motor,5,5,1,0.426,1,0,8
18,6,free,1,86,motor,3,3,1,0.724,1,0,8
18,6,free,1,87,motor,3,3,1,0.326,1,0,8
18,6,free,1,88,motor,4,4,1,0.415,1,0,8
18,6,free,1,89,motor,1,1,1,0.401,1,0,8
18,6,free,1,90,motor,7,7,1,0.669,1,0,8
18,6,free,1,91,motor,8,8,1,0.451,1,0,8
18,6,free,1,92,motor,4,4,1,0.664,1,0,8
18,6,free,1,93,motor,5,5,1,0.392,1,0,8
18,6,free,1,94,motor,3,3,1,1.118,1,0,8
18,6,free,1,95,motor,4,4,1,0.494,1,0,8
18,6,free,1,96,motor,3,3,1,0.548,1,0,8
18,6,free,1,97,motor,7,7,1,0.628,1,0,8
18,6,free,1,98,motor,3,3,1,0.509,1,0,8
18,6,free,1,99,motor,8,8,1,0.578,1,0,8
18,6,free,1,100,motor,7,7,1,0.504,1,0,8
18,6,free,1,101,motor,3,3,1,0.552,1,0,8
18,6,free,1,102,motor,3,3,1,0.454,1,0,8
18,6,free,1,103,motor,8,8,1,0.573,1,0,8
18,6,free,1,104,motor,3,3,1,0.474,1,0,8
18,6,free,1,105,motor,8,8,1,0.660,1,0,8
18,6,free,1,106,motor,2,2,1,0.580,1,0,8
18,6,free,1,107,motor,7,7,1,0.574,1,0,8
18,6,free,1,108,motor,7,7,1,0.296,1,0,8
18,6,free,1,109,motor,3,3,1,0.470,1,0,8
18,6,free,1,110,motor,2,2,1,0.426,1,0,8
18,6,free,1,111,motor,3,3,1,0.371,1,0,8
18,6,free,1,112,motor,5,5,1,0.507,1,0,8
18,6,free,1,113,motor,8,8,1,0.404,1,0,8
18,6,free,1,114,motor,5,5,1,0.342,1,0,8
18,6,free,1,115,motor,4,4,1,0.423,1,0,8
18,6,free,1,116,motor,6,6,1,0.539,1,0,8
18,6,free,1,117,motor,3,3,1,0.487,1,0,8
18,6,free,1,118,motor,5,5,1,0.492,1,0,8
18,6,free,1,119,motor,5,5,1,0.381,1,0,8
18,6,free,1,120,motor,2,2,1,0.446,1,0,8
18,6,free,1,121,motor,8,8,1,0.407,1,0,8
18,6,free,1,122,motor,8,8,1,0.338,1,0,8
18,6,free,1,123,motor,4,4,1,0.467,1,0,8
18,6,free,1,124,motor,2,2,1,0.475,1,0,8
18,6,free,1,125,motor,8,8,1,0.396,1,0,8
18,6,free,1,126,motor,1,1,1,0.434,1,0,8
18,6,free,1,127,motor,1,1,1,0.427,1,0,8
18,6,free,1,128,motor,4,4,1,0.614,1,0,8
18,6,free,1,129,motor,4,4,1,0.402,1,0,8
18,6,free,1,130,motor,6,6,1,0.671,1,0,8
18,6,free,1,131,motor,7,7,1,0.381,1,0,8
18,6,free,1,132,motor,6,6,1,0.485,1,0,8
18,6,free,1,133,motor,6,6,1,0.369,1,0,8
18,6,free,1,134,motor,7,7,1,0.375,1,0,8
18,6,free,1,135,motor,5,5,1,0.457,1,0,8
18,6,free,1,136,motor,1,1,1,0.484,1,0,8
18,6,free,1,137,motor,2,2,1,0.433,1,0,8
18,6,free,1,138,motor,4,4,1,0.409,1,0,8
18,6,free,1,139,motor,1,1,1,0.401,1,0,8
18,6,free,1,140,motor,3,3,1,0.429,1,0,8
18,6,free,1,141,motor,2,2,1,0.349,1,0,8
18,6,free,1,142,motor,8,8,1,0.451,1,0,8
18,6,free,1,143,motor,1,1,1,0.368,1,0,8
18,6,free,1,144,motor,4,4,1,0.307,1,0,8
18,6,free,1,145,motor,3,3,1,0.446,1,0,8
18,6,free,1,146,motor,1,1,1,0.425,1,0,8
18,6,free,1,147,motor,4,4,1,0.327,1,0,8
18,6,free,1,148,motor,6,6,1,0.548,1,0,8
18,6,free,1,149,motor,1,1,1,0.436,1,0,8
18,6,free,1,150,motor,5,5,1,0.570,1,0,8
18,6,free,1,151,motor,7,7,1,0.622,1,0,8
18,6,free,1,152,motor,2,2,1,0.535,1,0,8
18,6,free,1,153,motor,3,3,1,0.424,1,0,8
18,6,free,1,154,motor,7,7,1,0.686,1,0,8
18,6,free,1,155,motor,6,6,1,0.640,1,0,8
18,6,free,1,156,motor,8,8,1,0.420,1,0,8
18,6,free,1,157,motor,8,8,1,0.341,1,0,8
18,6,free,1,158,motor,4,4,1,0.455,1,0,8
18,6,free,1,159,motor,2,2,1,0.454,1,0,8
18,6,free,1,160,motor,7,6,0,0.455,1,0,8
18,6,free,1,160,motor,7,7,1,0.201,2,0,8
18,6,free,1,161,motor,2,2,1,0.695,1,0,8
18,6,free,1,162,motor,7,7,1,0.658,1,0,8
18,6,free,1,163,motor,8,8,1,0.714,1,0,8
18,6,free,1,164,motor,2,2,1,0.505,1,0,8
18,6,free,1,165,motor,1,1,1,0.351,1,0,8
18,6,free,1,166,motor,5,5,1,0.601,1,0,8
18,6,free,1,167,motor,4,4,1,0.318,1,0,8
18,6,free,1,168,motor,8,8,1,0.469,1,0,8
18,6,free,1,169,motor,6,6,1,0.636,1,0,8
18,6,free,1,170,motor,2,2,1,0.542,1,0,8
18,6,free,1,171,motor,3,3,1,0.661,1,0,8
18,6,free,1,172,motor,2,2,1,0.399,1,0,8
18,6,free,1,173,motor,2,2,1,0.326,1,0,8
18,6,free,1,174,motor,3,3,1,0.442,1,0,8
18,6,free,1,175,motor,8,8,1,0.623,1,0,8
18,6,free,1,176,motor,8,8,1,0.433,1,0,8
18,6,free,1,177,motor,3,3,1,0.534,1,0,8
18,6,free,1,178,motor,7,7,1,0.522,1,0,8
18,6,free,1,179,motor,2,2,1,0.489,1,0,8
18,6,free,1,180,motor,6,6,1,0.438,1,0,8
18,6,free,1,181,motor,2,2,1,0.548,1,0,8
18,6,free,1,182,motor,7,7,1,0.571,1,0,8
18,6,free,1,183,motor,8,8,1,0.452,1,0,8
18,6,free,1,184,motor,2,2,1,0.585,1,0,8
18,6,free,1,185,motor,2,2,1,0.286,1,0,8
18,6,free,1,186,motor,7,7,1,0.559,1,0,8
18,6,free,1,187,motor,1,1,1,0.463,1,0,8
18,6,free,1,188,motor,7,6,0,0.615,1,0,8
18,6,free,1,188,motor,7,7,1,0.170,2,0,8
18,6,free,1,189,motor,3,3,1,0.497,1,0,8
18,6,free,1,190,motor,2,2,1,0.442,1,0,8
18,6,free,1,191,motor,5,5,1,0.512,1,0,8
18,6,free,1,192,motor,8,8,1,0.394,1,0,8
18,6,free,1,193,motor,3,3,1,0.437,1,0,8
18,6,free,1,194,motor,8,8,1,0.421,1,0,8
18,6,free,1,195,motor,8,8,1,0.418,1,0,8
18,6,free,1,196,motor,1,1,1,0.424,1,0,8
18,6,free,1,197,motor,8,8,1,0.400,1,0,8
18,6,free,1,198,motor,7,7,1,0.506,1,0,8
18,6,free,1,199,motor,8,8,1,0.388,1,0,8
18,6,free,1,200,motor,1,1,1,0.408,1,0,8
18,6,free,1,201,motor,6,7,0,0.391,1,0,8
18,6,free,1,201,motor,6,6,1,0.204,2,0,8
18,6,free,1,202,motor,7,7,1,0.382,1,0,8
18,6,free,1,203,motor,5,5,1,0.400,1,0,8
18,6,free,1,204,motor,8,8,1,0.368,1,0,8
18,6,free,1,205,motor,8,8,1,0.345,1,0,8
18,6,free,1,206,motor,6,6,1,0.518,1,0,8
18,6,free,1,207,motor,2,2,1,0.514,1,0,8
18,6,free,1,208,motor,6,6,1,0.478,1,0,8
18,6,free,1,209,motor,2,2,1,0.363,1,0,8
18,6,free,1,210,motor,4,4,1,0.460,1,0,8
18,6,free,1,211,motor,4,4,1,0.292,1,0,8
18,6,free,1,212,motor,5,5,1,0.447,1,0,8
18,6,free,1,213,motor,2,2,1,0.415,1,0,8
18,6,free,1,214,motor,1,1,1,0.361,1,0,8
18,6,free,1,215,motor,2,2,1,0.586,1,0,8
18,6,free,1,216,motor,1,1,1,0.976,1,0,8
18,6,free,1,217,motor,5,5,1,0.477,1,0,8
18,6,free,1,218,motor,8,8,1,0.379,1,0,8
18,6,free,1,219,motor,2,2,1,0.469,1,0,8
18,6,free,1,220,motor,8,8,1,0.350,1,0,8
18,6,free,1,221,motor,7,7,1,0.594,1,0,8
18,6,free,1,222,motor,4,4,1,0.467,1,0,8
18,6,free,1,223,motor,3,3,1,0.403,1,0,8
18,6,free,1,224,motor,4,4,1,0.422,1,0,8
18,6,free,1,225,motor,5,5,1,0.422,1,0,8
18,6,free,1,226,motor,4,4,1,0.333,1,0,8
18,6,free,1,227,motor,6,6,1,0.398,1,0,8
18,6,free,1,228,motor,5,6,0,0.395,1,0,8
18,6,free,1,228,motor,5,5,1,0.152,2,0,8
18,6,free,1,229,motor,6,6,1,0.386,1,0,8
18,6,free,1,230,motor,1,1,1,0.585,1,0,8
18,6,free,1,231,motor,5,5,1,0.896,1,0,8
18,6,free,1,232,motor,7,7,1,0.489,1,0,8
18,6,free,1,233,motor,2,2,1,0.621,1,0,8
18,6,free,1,234,motor,6,6,1,0.665,1,0,8
18,6,free,1,235,motor,1,1,1,0.659,1,0,8
18,6,free,1,236,motor,7,7,1,0.527,1,0,8
18,6,free,1,237,motor,6,6,1,0.474,1,0,8
18,6,free,1,238,motor,7,7,1,0.369,1,0,8
18,6,free,1,239,motor,7,7,1,0.376,1,0,8
18,6,free,1,240,motor,3,4,0,0.445,1,0,8
18,6,free,1,240,motor,3,3,1,0.129,2,0,8
18,6,free,1,241,motor,3,3,1,0.623,1,0,8
18,6,free,1,242,motor,1,1,1,0.421,1,0,8
18,6,free,1,243,motor,4,4,1,0.337,1,0,8
18,6,free,1,244,motor,3,3,1,0.426,1,0,8
18,6,free,1,245,motor,2,2,1,0.383,1,0,8
18,6,free,1,246,motor,7,7,1,0.581,1,0,8
18,6,free,1,247,motor,5,5,1,0.782,1,0,8
18,6,free,1,248,motor,1,1,1,0.421,1,0,8
18,6,free,1,249,motor,2,2,1,0.448,1,0,8
18,6,free,1,250,motor,8,8,1,0.411,1,0,8
18,6,free,1,251,motor,5,5,1,0.392,1,0,8
18,6,free,1,252,motor,3,3,1,0.577,1,0,8
18,6,free,1,253,motor,2,2,1,0.339,1,0,8
18,6,free,1,254,motor,4,4,1,0.413,1,0,8
18,6,free,1,255,motor,8,8,1,0.409,1,0,8
18,6,free,1,256,motor,6,6,1,0.599,1,0,8
18,6,free,1,257,motor,3,3,1,0.671,1,0,8
18,6,free,1,258,motor,7,7,1,0.468,1,0,8
18,6,free,1,259,motor,5,5,1,0.812,1,0,8
18,6,free,1,260,motor,6,6,1,0.583,1,0,8
18,6,free,1,261,motor,3,3,1,0.534,1,0,8
18,6,free,1,262,motor,6,6,1,0.477,1,0,8
18,6,free,1,263,motor,7,7,1,0.474,1,0,8
18,6,free,1,264,motor,6,6,1,0.667,1,0,8
18,6,free,1,265,motor,7,7,1,0.276,1,0,8
18,6,free,1,266,motor,2,2,1,0.624,1,0,8
18,6,free,1,267,motor,2,2,1,0.384,1,0,8
18,6,free,1,268,motor,8,8,1,0.679,1,0,8
18,6,free,1,269,motor,6,6,1,0.466,1,0,8
18,6,free,1,270,motor,7,7,1,0.430,1,0,8
18,6,free,1,271,motor,8,8,1,0.412,1,0,8
18,6,free,1,272,motor,2,2,1,0.671,1,0,8
18,6,free,1,273,motor,1,1,1,0.431,1,0,8
18,6,free,1,274,motor,5,5,1,0.586,1,0,8
18,6,free,1,275,motor,7,7,1,0.477,1,0,8
18,6,free,1,276,motor,1,1,1,0.607,1,0,8
18,6,free,1,277,motor,4,4,1,0.427,1,0,8
18,6,free,1,278,motor,5,5,1,0.471,1,0,8
18,6,free,1,279,motor,3,3,1,0.613,1,0,8
18,6,free,1,280,motor,6,6,1,0.562,1,0,8
18,6,free,1,281,motor,5,5,1,0.483,1,0,8
18,6,free,1,282,motor,7,7,1,0.498,1,0,8
18,6,free,1,283,motor,7,7,1,0.337,1,0,8
18,6,free,1,284,motor,1,1,1,0.648,1,0,8
18,6,free,1,285,motor,1,1,1,0.297,1,0,8
18,6,free,1,286,motor,3,3,1,0.487,1,0,8
18,6,free,1,287,motor,4,4,1,0.420,1,0,8
18,6,free,1,288,motor,8,8,1,0.472,1,0,8
18,6,free,1,289,motor,6,6,1,0.423,1,0,8
18,6,free,1,290,motor,8,8,1,0.343,1,0,8
18,6,free,1,291,motor,3,3,1,0.466,1,0,8
18,6,free,1,292,motor,5,6,0,0.354,1,0,8
18,6,free,1,292,motor,5,5,1,0.112,2,0,8
18,6,free,1,293,motor,5,5,1,0.407,1,0,8
18,6,free,1,294,motor,6,6,1,0.469,1,0,8
18,6,free,1,295,motor,3,3,1,0.457,1,0,8
18,6,free,1,296,motor,7,7,1,0.469,1,0,8
18,6,free,1,297,motor,5,6,0,0.481,1,0,8
18,6,free,1,297,motor,5,5,1,0.185,2,0,8
18,6,free,1,298,motor,4,4,1,0.354,1,0,8
18,6,free,1,299,motor,7,7,1,0.592,1,0,8
18,6,free,1,300,motor,1,1,1,0.541,1,0,8
18,6,free,1,301,motor,4,4,1,0.555,1,0,8
18,6,free,1,302,motor,6,6,1,0.514,1,0,8
18,6,free,1,303,motor,3,3,1,0.577,1,0,8
18,6,free,1,304,motor,5,5,1,0.431,1,0,8
18,6,free,1,305,motor,1,1,1,0.527,1,0,8
18,6,free,1,306,motor,8,8,1,0.377,1,0,8
18,6,free,1,307,motor,7,7,1,0.448,1,0,8
18,6,free,1,308,motor,4,4,1,0.471,1,0,8
18,6,free,1,309,motor,4,4,1,0.294,1,0,8
18,6,free,1,310,motor,8,8,1,0.405,1,0,8
18,6,free,1,311,motor,3,3,1,0.613,1,0,8
18,6,free,1,312,motor,4,4,1,0.472,1,0,8
18,6,free,1,313,motor,8,8,1,0.527,1,0,8
18,6,free,1,314,motor,3,3,1,0.388,1,0,8
18,6,free,1,315,motor,1,1,1,0.447,1,0,8
18,6,free,1,316,motor,7,7,1,0.476,1,0,8
18,6,free,1,317,motor,8,8,1,0.432,1,0,8
18,6,free,1,318,motor,7,7,1,0.484,1,0,8
18,6,free,1,319,motor,5,5,1,0.412,1,0,8
18,6,free,1,320,motor,5,5,1,0.283,1,0,8
18,6,free,1,321,motor,4,4,1,0.577,1,0,8
18,6,free,1,322,motor,6,6,1,0.534,1,0,8
18,6,free,1,323,motor,2,2,1,0.529,1,0,8
18,6,free,1,324,motor,4,4,1,0.469,1,0,8
18,6,free,1,325,motor,4,4,1,0.357,1,0,8
18,6,free,1,326,motor,2,2,1,0.679,1,0,8
18,6,free,1,327,motor,3,3,1,0.457,1,0,8
18,6,free,1,328,motor,5,5,1,0.506,1,0,8
18,6,free,1,329,motor,7,7,1,0.466,1,0,8
18,6,free,1,330,motor,7,7,1,0.351,1,0,8
18,6,free,1,331,motor,3,3,1,0.541,1,0,8
18,6,free,1,332,motor,1,1,1,0.373,1,0,8
18,6,free,1,333,motor,2,2,1,0.495,1,0,8
18,6,free,1,334,motor,5,5,1,0.464,1,0,8
18,6,free,1,335,motor,2,2,1,0.456,1,0,8
18,6,free,1,336,motor,5,5,1,0.335,1,0,8
18,6,free,1,337,motor,7,7,1,0.430,1,0,8
18,6,free,1,338,motor,4,4,1,0.490,1,0,8
18,6,free,1,339,motor,4,4,1,0.339,1,0,8
18,6,free,1,340,motor,2,2,1,0.839,1,0,8
18,6,free,1,341,motor,7,6,0,0.584,1,0,8
18,6,free,1,341,motor,7,7,1,0.072,2,0,8
18,6,free,1,342,motor,5,5,1,0.467,1,0,8
18,6,free,1,343,motor,4,4,1,0.370,1,0,8
18,6,free,1,344,motor,3,3,1,0.399,1,0,8
18,6,free,1,345,motor,8,8,1,0.400,1,0,8
18,6,free,1,346,motor,6,6,1,0.500,1,0,8
18,6,free,1,347,motor,4,4,1,0.377,1,0,8
18,6,free,1,348,motor,7,7,1,0.402,1,0,8
18,6,free,1,349,motor,4,4,1,0.465,1,0,8
18,6,free,1,350,motor,8,8,1,0.668,1,0,8
18,6,free,1,351,motor,1,1,1,0.424,1,0,8
18,6,free,1,352,motor,6,7,0,0.391,1,0,8
18,6,free,1,352,motor,6,6,1,0.104,2,0,8
18,6,free,1,353,motor,5,5,1,0.419,1,0,8
18,6,free,1,354,motor,6,6,1,0.470,1,0,8
18,6,free,1,355,motor,5,5,1,0.453,1,0,8
18,6,free,1,356,motor,8,8,1,0.590,1,0,8
18,6,free,1,357,motor,2,2,1,0.496,1,0,8
18,6,free,1,358,motor,5,5,1,0.455,1,0,8
18,6,free,1,359,motor,1,1,1,0.462,1,0,8
18,6,free,1,360,motor,2,2,1,0.423,1,0,8
18,6,free,1,361,motor,2,2,1,0.336,1,0,8
18,6,free,1,362,motor,4,4,1,0.438,1,0,8
18,6,free,1,363,motor,6,6,1,0.499,1,0,8
18,6,free,1,364,motor,6,6,1,0.375,1,0,8
18,6,free,1,365,motor,2,2,1,0.466,1,0,8
18,6,free,1,366,motor,6,6,1,0.529,1,0,8
18,6,free,1,367,motor,1,1,1,0.469,1,0,8
18,6,free,1,368,motor,1,1,1,0.304,1,0,8
18,6,free,1,369,motor,6,6,1,0.467,1,0,8
18,6,free,1,370,motor,7,7,1,0.441,1,0,8
18,6,free,1,371,motor,4,4,1,0.462,1,0,8
18,6,free,1,372,motor,7,7,1,0.616,1,0,8
18,6,free,1,373,motor,2,2,1,0.512,1,0,8
18,6,free,1,374,motor,5,5,1,0.445,1,0,8
18,6,free,1,375,motor,6,6,1,0.380,1,0,8
18,6,free,1,376,motor,3,3,1,0.540,1,0,8
18,6,free,1,377,motor,5,5,1,0.449,1,0,8
18,6,free,1,378,motor,8,8,1,0.413,1,0,8
18,6,free,1,379,motor,3,3,1,0.494,1,0,8
18,6,free,1,380,motor,8,8,1,0.385,1,0,8
18,6,free,1,381,motor,6,6,1,0.464,1,0,8
18,6,free,1,382,motor,5,5,1,0.382,1,0,8
18,6,free,1,383,motor,1,1,1,0.430,1,0,8
18,6,free,1,384,motor,6,5,0,0.471,1,0,8
18,6,free,1,384,motor,6,7,0,0.082,2,0,8
18,6,free,1,384,motor,6,6,1,0.334,3,0,8
18,6,free,1,385,motor,1,1,1,0.649,1,0,8
18,6,free,1,386,motor,7,7,1,0.557,1,0,8
18,6,free,1,387,motor,2,2,1,0.490,1,0,8
18,6,free,1,388,motor,6,6,1,0.595,1,0,8
18,6,free,1,389,motor,1,1,1,0.460,1,0,8
18,6,free,1,390,motor,1,1,1,0.313,1,0,8
18,6,free,1,391,motor,6,6,1,0.650,1,0,8
18,6,free,1,392,motor,5,5,1,0.448,1,0,8
18,6,free,1,393,motor,3,3,1,0.536,1,0,8
18,6,free,1,394,motor,6,6,1,0.545,1,0,8
18,6,free,1,395,motor,8,8,1,0.400,1,0,8
18,6,free,1,396,motor,5,5,1,0.560,1,0,8
18,6,free,1,397,motor,3,3,1,0.491,1,0,8
18,6,free,1,398,motor,4,4,1,0.420,1,0,8
18,6,free,1,399,motor,1,1,1,0.331,1,0,8
18,6,free,1,400,motor,8,8,1,0.527,1,0,8
18,6,free,1,401,motor,5,5,1,0.477,1,0,8
18,6,free,1,402,motor,4,4,1,0.409,1,0,8
18,6,free,1,403,motor,7,7,1,0.542,1,0,8
18,6,free,1,404,motor,6,6,1,0.369,1,0,8
18,6,free,1,405,motor,5,5,1,0.341,1,0,8
18,6,free,1,406,motor,2,2,1,0.504,1,0,8
18,6,free,1,407,motor,5,5,1,0.401,1,0,8
18,6,free,1,408,motor,3,3,1,0.510,1,0,8
18,6,free,1,409,motor,6,6,1,0.567,1,0,8
18,6,free,1,410,motor,4,4,1,0.639,1,0,8
18,6,free,1,411,motor,7,7,1,0.595,1,0,8
18,6,free,1,412,motor,8,8,1,0.449,1,0,8
18,6,free,1,413,motor,2,2,1,0.558,1,0,8
18,6,free,1,414,motor,4,4,1,0.571,1,0,8
18,6,free,1,415,motor,5,5,1,0.538,1,0,8
18,6,free,1,416,motor,5,5,1,0.743,1,0,8
18,6,free,1,417,motor,6,6,1,0.397,1,0,8
18,6,free,1,418,motor,1,1,1,0.687,1,0,8
18,6,free,1,419,motor,2,2,1,0.451,1,0,8
18,6,free,1,420,motor,8,8,1,0.429,1,0,8
18,6,free,1,421,motor,4,4,1,0.543,1,0,8
18,6,free,1,422,motor,1,1,1,0.429,1,0,8
18,6,free,1,423,motor,6,6,1,0.511,1,0,8
18,6,free,1,424,motor,4,4,1,0.639,1,0,8
18,6,free,1,425,motor,7,7,1,0.684,1,0,8
18,6,free,1,426,motor,6,6,1,0.545,1,0,8
18,6,free,1,427,motor,2,2,1,0.504,1,0,8
18,6,free,1,428,motor,5,5,1,0.413,1,0,8
18,6,free,1,429,motor,1,1,1,0.410,1,0,8
18,6,free,1,430,motor,8,8,1,0.368,1,0,8
18,6,free,1,431,motor,1,1,1,0.370,1,0,8
18,6,free,1,432,motor,2,2,1,0.433,1,0,8
18,6,free,1,433,motor,6,6,1,0.559,1,0,8
18,6,free,1,434,motor,8,8,1,0.370,1,0,8
18,6,free,1,435,motor,1,1,1,0.432,1,0,8
18,6,free,1,436,motor,3,3,1,0.591,1,0,8
18,6,free,1,437,motor,1,1,1,0.406,1,0,8
18,6,free,1,438,motor,8,8,1,0.390,1,0,8
18,6,free,1,439,motor,7,7,1,0.507,1,0,8
18,6,free,1,440,motor,8,8,1,0.364,1,0,8
18,6,free,1,441,motor,2,2,1,0.557,1,0,8
18,6,free,1,442,motor,3,3,1,0.464,1,0,8
18,6,free,1,443,motor,3,3,1,0.305,1,0,8
18,6,free,1,444,motor,1,1,1,0.385,1,0,8
18,6,free,1,445,motor,3,3,1,0.389,1,0,8
18,6,free,1,446,motor,6,6,1,0.423,1,0,8
18,6,free,1,447,motor,5,5,1,0.402,1,0,8
18,6,free,1,448,motor,2,2,1,0.656,1,0,8
18,6,free,1,449,motor,2,2,1,0.278,1,0,8
18,6,free,1,450,motor,7,7,1,0.496,1,0,8
18,6,free,1,451,motor,5,5,1,0.354,1,0,8
18,6,free,1,452,motor,6,6,1,0.441,1,0,8
18,6,free,1,453,motor,4,4,1,0.666,1,0,8
18,6,free,1,454,motor,6,6,1,0.564,1,0,8
18,6,free,1,455,motor,6,6,1,0.360,1,0,8
18,6,free,1,456,motor,3,3,1,0.466,1,0,8
18,6,free,1,457,motor,2,2,1,0.384,1,0,8
18,6,free,1,458,motor,3,3,1,0.502,1,0,8
18,6,free,1,459,motor,6,6,1,0.520,1,0,8
18,6,free,1,460,motor,2,2,1,0.485,1,0,8
18,6,free,1,461,motor,6,6,1,0.424,1,0,8
18,6,free,1,462,motor,3,3,1,0.519,1,0,8
18,6,free,1,463,motor,4,4,1,0.457,1,0,8
18,6,free,1,464,motor,3,3,1,0.575,1,0,8
18,6,free,1,465,motor,6,6,1,0.493,1,0,8
18,6,free,1,466,motor,1,1,1,0.493,1,0,8
18,6,free,1,467,motor,3,3,1,0.636,1,0,8
18,6,free,1,468,motor,7,7,1,0.556,1,0,8
18,6,free,1,469,motor,4,4,1,0.529,1,0,8
18,6,free,1,470,motor,2,2,1,0.386,1,0,8
18,6,free,1,471,motor,6,6,1,0.544,1,0,8
18,6,free,1,472,motor,8,8,1,0.388,1,0,8
18,6,free,1,473,motor,4,4,1,0.429,1,0,8
18,6,free,1,474,motor,8,8,1,0.408,1,0,8
18,6,free,1,475,motor,4,4,1,0.322,1,0,8
18,6,free,1,476,motor,2,2,1,0.493,1,0,8
18,6,free,1,477,motor,4,4,1,0.387,1,0,8
18,6,free,1,478,motor,7,7,1,0.550,1,0,8
18,6,free,1,479,motor,1,1,1,0.463,1,0,8
18,6,free,1,480,motor,7,7,1,0.391,1,0,8
18,6,free,1,481,motor,4,4,1,0.310,1,0,8
18,6,free,1,482,motor,2,2,1,0.322,1,0,8
18,6,free,1,483,motor,1,1,1,0.479,1,0,8
18,6,free,1,484,motor,4,4,1,0.328,1,0,8
18,6,free,1,485,motor,3,3,1,0.585,1,0,8
18,6,free,1,486,motor,3,3,1,0.333,1,0,8
18,6,free,1,487,motor,1,1,1,0.357,1,0,8
18,6,free,1,488,motor,8,8,1,0.487,1,0,8
18,6,free,1,489,motor,4,4,1,0.395,1,0,8
18,6,free,3,1,sr,6,5,0,2.178,1,0,8
18,6,free,3,2,sr,6,6,1,1.771,1,0,8
18,6,free,3,3,sr,4,5,0,1.331,1,0,8
18,6,free,3,4,sr,4,7,0,0.870,1,0,8
18,6,free,3,5,sr,6,6,1,0.644,1,0,8
18,6,free,3,6,sr,5,5,1,0.859,1,0,8
18,6,free,4,1,learn,7,7,1,1.240,1,1,8
18,6,free,4,2,learn,1,1,1,1.330,1,1,8
18,6,free,4,3,learn,8,8,1,0.841,1,1,8
18,6,free,4,4,learn,4,4,1,0.704,1,1,8
18,6,free,4,5,learn,2,3,0,0.609,1,1,8
18,6,free,4,6,learn,7,7,1,1.364,1,2,8
18,6,free,4,7,learn,5,5,1,0.985,1,1,8
18,6,free,4,8,learn,3,3,1,0.800,1,1,8
18,6,free,4,9,learn,3,3,1,0.532,1,2,8
18,6,free,4,10,learn,6,6,1,1.047,1,1,8
18,6,free,4,11,learn,5,5,1,0.635,1,2,8
18,6,free,4,12,learn,7,7,1,1.476,1,3,8
18,6,free,4,13,learn,1,1,1,1.033,1,2,8
18,6,free,4,14,learn,1,1,1,0.435,1,3,8
18,6,free,4,15,learn,2,2,1,0.458,1,2,8
18,6,free,4,16,learn,8,8,1,1.206,1,2,8
18,6,free,4,17,learn,6,6,1,1.281,1,2,8
18,6,free,4,18,learn,4,4,1,0.598,1,2,8
18,6,free,4,19,learn,6,6,1,0.705,1,3,8
18,6,free,4,20,learn,5,5,1,0.564,1,3,8
18,6,free,4,21,learn,8,7,0,1.125,1,3,8
18,6,free,4,22,learn,2,2,1,1.783,1,3,8
18,6,free,4,23,learn,3,4,0,1.620,1,3,8
18,6,free,4,24,learn,4,4,1,0.582,1,3,8
18,6,free,4,25,learn,8,8,1,0.613,1,4,8
18,6,free,4,26,learn,3,3,1,0.924,1,4,8
18,6,free,4,27,learn,7,7,1,0.739,1,4,8
18,6,free,4,28,learn,5,5,1,0.823,1,4,8
18,6,free,4,29,learn,1,1,1,0.864,1,4,8
18,6,free,4,30,learn,6,6,1,0.790,1,4,8
18,6,free,4,31,learn,2,2,1,0.694,1,4,8
18,6,free,4,32,learn,4,4,1,0.656,1,4,8
18,6,free,4,33,learn,1,1,1,0.912,1,5,8
18,6,free,4,34,learn,7,7,1,0.811,1,5,8
18,6,free,4,35,learn,8,8,1,0.460,1,5,8
18,6,free,4,36,learn,2,2,1,0.757,1,5,8
18,6,free,4,37,learn,3,3,1,1.257,1,5,8
18,6,free,4,38,learn,4,4,1,0.474,1,5,8
18,6,free,4,39,learn,6,6,1,1.449,1,5,8
18,6,free,4,40,learn,5,5,1,0.420,1,5,8
18,6,free,4,41,learn,4,4,1,2.221,1,6,8
18,6,free,4,42,learn,5,6,0,1.525,1,6,8
18,6,free,4,43,learn,2,2,1,1.207,1,6,8
18,6,free,4,44,learn,6,6,1,1.246,1,6,8
18,6,free,4,45,learn,1,1,1,1.242,1,6,8
18,6,free,4,46,learn,1,1,1,0.525,1,7,8
18,6,free,4,47,learn,7,7,1,0.841,1,6,8
18,6,free,4,48,learn,7,7,1,0.427,1,7,8
18,6,free,4,49,learn,8,8,1,0.471,1,6,8
18,6,free,4,50,learn,3,3,1,0.846,1,6,8
18,6,free,4,51,learn,4,4,1,0.459,1,7,8
18,6,free,4,52,learn,3,3,1,0.570,1,7,8
18,6,free,4,53,learn,8,8,1,1.035,1,7,8
18,6,free,4,54,learn,5,5,1,1.016,1,7,8
18,6,free,4,55,learn,6,6,1,0.409,1,7,8
18,6,free,4,56,learn,8,8,1,0.962,1,8,8
18,6,free,4,57,learn,2,1,0,1.104,1,7,8
18,6,free,4,58,learn,3,3,1,1.319,1,8,8
18,6,free,4,59,learn,4,4,1,0.629,1,8,8
18,6,free,4,60,learn,6,6,1,1.072,1,8,8
18,6,free,4,61,learn,1,2,0,0.826,1,8,8
18,6,free,4,62,learn,5,5,1,1.644,1,8,8
18,6,free,4,63,learn,7,7,1,1.034,1,8,8
18,6,free,4,64,learn,2,2,1,1.510,1,8,8
18,6,free,4,65,learn,2,2,1,0.395,1,9,8
18,6,free,4,66,learn,6,6,1,0.728,1,9,8
18,6,free,4,67,learn,7,8,0,0.874,1,9,8
18,6,free,4,68,learn,8,8,1,0.430,1,9,8
18,6,free,4,69,learn,4,4,1,0.733,1,9,8
18,6,free,4,70,learn,1,1,1,1.604,1,9,8
18,6,free,4,71,learn,5,5,1,1.136,1,9,8
18,6,free,4,72,learn,3,7,0,1.380,1,9,8
18,6,free,4,73,learn,1,1,1,1.143,1,10,8
18,6,free,4,74,learn,3,3,1,0.623,1,10,8
18,6,free,4,75,learn,8,7,0,0.824,1,10,8
18,6,free,4,76,learn,2,2,1,0.745,1,10,8
18,6,free,4,77,learn,5,5,1,0.988,1,10,8
18,6,free,4,78,learn,6,6,1,0.436,1,10,8
18,6,free,4,79,learn,4,4,1,0.724,1,10,8
18,6,free,4,80,learn,7,7,1,1.263,1,10,8
18,6,free,4,81,learn,1,1,1,1.749,1,11,8
18,6,free,4,82,learn,5,6,0,1.306,1,11,8
18,6,free,4,83,learn,7,7,1,0.935,1,11,8
18,6,free,4,84,learn,7,7,1,0.431,1,12,8
18,6,free,4,85,learn,2,2,1,1.819,1,11,8
18,6,free,4,86,learn,6,6,1,0.865,1,11,8
18,6,free,4,87,learn,3,3,1,0.826,1,11,8
18,6,free,4,88,learn,8,8,1,0.730,1,11,8
18,6,free,4,89,learn,2,2,1,0.894,1,12,8
18,6,free,4,90,learn,8,7,0,0.764,1,12,8
18,6,free,4,91,learn,4,4,1,0.689,1,11,8
18,6,free,4,92,learn,1,1,1,0.807,1,12,8
18,6,free,4,93,learn,4,4,1,0.818,1,12,8
18,6,free,4,94,learn,3,3,1,0.479,1,12,8
18,6,free,4,95,learn,1,1,1,0.769,1,13,8
18,6,free,4,96,learn,5,6,0,1.412,1,12,8
18,6,free,4,97,learn,5,5,1,0.589,1,13,8
18,6,free,4,98,learn,4,4,1,0.646,1,13,8
18,6,free,4,99,learn,7,7,1,0.972,1,13,8
18,6,free,4,100,learn,6,6,1,0.691,1,12,8
18,6,free,4,101,learn,1,1,1,0.869,1,14,8
18,6,free,4,102,learn,6,6,1,1.145,1,13,8
18,6,free,4,103,learn,7,7,1,1.180,1,14,8
18,6,free,4,104,learn,2,2,1,1.122,1,13,8
18,6,free,4,105,learn,8,4,0,0.816,1,13,8
18,6,free,4,106,learn,3,3,1,1.159,1,13,8
18,6,free,4,107,learn,5,5,1,1.675,1,14,8
18,6,free,4,108,learn,2,2,1,1.019,1,14,8
18,6,free,4,109,learn,6,6,1,0.722,1,14,8
18,6,free,4,110,learn,8,8,1,0.772,1,14,8
18,6,free,4,111,learn,4,4,1,0.772,1,14,8
18,6,free,4,112,learn,3,3,1,0.431,1,14,8
18,6,free,4,113,learn,7,7,1,0.856,1,15,8
18,6,free,4,114,learn,4,4,1,1.329,1,15,8
18,6,free,4,115,learn,5,5,1,0.935,1,15,8
18,6,free,4,116,learn,1,1,1,1.230,1,15,8
18,6,free,4,117,learn,2,2,1,0.946,1,15,8
18,6,free,4,118,learn,8,8,1,1.226,1,15,8
18,6,free,4,119,learn,6,6,1,1.424,1,15,8
18,6,free,4,120,learn,6,6,1,0.368,1,16,8
18,6,free,4,121,learn,3,3,1,1.901,1,15,8
18,6,free,4,122,learn,3,3,1,0.418,1,16,8
18,6,free,4,123,learn,2,2,1,1.065,1,16,8
18,6,free,4,124,learn,7,7,1,1.171,1,16,8
18,6,free,4,125,learn,4,4,1,0.721,1,16,8
18,6,free,4,126,learn,3,3,1,0.539,1,17,8
18,6,free,4,127,learn,5,5,1,0.873,1,16,8
18,6,free,4,128,learn,1,1,1,0.850,1,16,8
18,6,free,4,129,learn,8,8,1,1.152,1,16,8
18,6,free,4,130,learn,2,2,1,2.045,1,17,8
18,6,free,4,131,learn,8,8,1,0.646,1,17,8
18,6,free,4,132,learn,5,6,0,1.282,1,17,8
18,6,free,4,133,learn,6,6,1,0.615,1,17,8
18,6,free,4,134,learn,8,7,0,0.911,1,18,8
18,6,free,4,135,learn,1,1,1,1.033,1,17,8
18,6,free,4,136,learn,7,7,1,0.880,1,17,8
18,6,free,4,137,learn,5,5,1,0.794,1,18,8
18,6,free,4,138,learn,4,4,1,0.662,1,17,8
18,6,free,4,139,learn,4,4,1,0.372,1,18,8
18,6,free,4,140,learn,3,3,1,0.612,1,18,8
18,6,free,4,141,learn,6,6,1,0.929,1,18,8
18,6,free,4,142,learn,7,7,1,1.168,1,18,8
18,6,free,4,143,learn,3,3,1,0.879,1,19,8
18,6,free,4,144,learn,2,2,1,1.042,1,18,8
18,6,free,4,145,learn,1,1,1,0.553,1,18,8
18,6,free,4,146,learn,5,5,1,0.744,1,19,8
18,6,free,4,147,learn,1,1,1,0.824,1,19,8
18,6,free,4,148,learn,2,2,1,0.464,1,19,8
18,6,free,4,149,learn,8,8,1,0.642,1,19,8
18,6,free,4,150,learn,2,2,1,1.714,1,20,8
18,6,free,4,151,learn,7,7,1,0.865,1,19,8
18,6,free,4,152,learn,4,4,1,0.661,1,19,8
18,6,free,4,153,learn,3,3,1,0.606,1,20,8
18,6,free,4,154,learn,5,5,1,0.752,1,20,8
18,6,free,4,155,learn,6,6,1,0.490,1,19,8
18,6,free,4,156,learn,7,7,1,0.944,1,20,8
18,6,free,4,157,learn,5,5,1,0.771,1,21,8
18,6,free,4,158,learn,4,4,1,0.686,1,20,8
18,6,free,4,159,learn,6,6,1,0.818,1,20,8
18,6,free,4,160,learn,8,8,1,1.453,1,20,8
18,6,free,4,161,learn,1,2,0,2.270,1,20,8
18,6,free,4,162,learn,1,1,1,0.516,1,21,8
18,6,free,4,163,learn,7,7,1,0.883,1,21,8
18,6,free,4,164,learn,4,4,1,0.649,1,21,8
18,6,free,4,165,learn,2,2,1,1.047,1,21,8
18,6,free,4,166,learn,4,4,1,1.237,1,22,8
18,6,free,4,167,learn,3,3,1,0.435,1,21,8
18,6,free,4,168,learn,6,6,1,0.743,1,21,8
18,6,free,4,169,learn,5,5,1,0.675,1,22,8
18,6,free,4,170,learn,8,8,1,1.061,1,21,8
18,6,free,4,171,learn,3,3,1,1.350,1,22,8
18,6,free,4,172,learn,2,2,1,0.959,1,22,8
18,6,free,4,173,learn,8,7,0,1.357,1,22,8
18,6,free,4,174,learn,7,7,1,0.529,1,22,8
18,6,free,4,175,learn,1,1,1,1.100,1,22,8
18,6,free,4,176,learn,6,6,1,0.948,1,22,8
18,6,free,4,177,learn,6,6,1,0.450,1,23,8
18,6,free,4,178,learn,8,8,1,0.842,1,23,8
18,6,free,4,179,learn,7,7,1,0.518,1,23,8
18,6,free,4,180,learn,2,2,1,1.684,1,23,8
18,6,free,4,181,learn,4,4,1,0.671,1,23,8
18,6,free,4,182,learn,5,5,1,0.873,1,23,8
18,6,free,4,183,learn,3,3,1,1.356,1,23,8
18,6,free,4,184,learn,1,1,1,1.355,1,23,8
18,6,free,4,185,learn,4,4,1,0.610,1,24,8
18,6,free,4,186,learn,7,7,1,1.404,1,24,8
18,6,free,4,187,learn,1,1,1,1.043,1,24,8
18,6,free,4,188,learn,8,8,1,0.651,1,24,8
18,6,free,4,189,learn,3,3,1,0.838,1,24,8
18,6,free,4,190,learn,3,3,1,0.362,1,25,8
18,6,free,4,191,learn,6,6,1,0.918,1,24,8
18,6,free,4,192,learn,5,5,1,0.531,1,24,8
18,6,free,4,193,learn,2,2,1,0.740,1,24,8
18,6,free,4,194,learn,2,2,1,0.337,1,25,8
18,6,free,4,195,learn,5,5,1,1.379,1,25,8
18,6,free,4,196,learn,4,4,1,0.914,1,25,8
18,6,free,4,197,learn,7,7,1,1.208,1,25,8
18,6,free,4,198,learn,4,4,1,0.901,1,26,8
18,6,free,4,199,learn,6,6,1,1.213,1,25,8
18,6,free,4,200,learn,5,5,1,0.498,1,26,8
18,6,free,4,201,learn,1,1,1,0.926,1,25,8
18,6,free,4,202,learn,3,3,1,0.535,1,26,8
18,6,free,4,203,learn,8,8,1,0.895,1,25,8
18,6,free,4,204,learn,7,7,1,0.556,1,26,8
18,6,free,4,205,learn,8,7,0,0.592,1,26,8
18,6,free,4,206,learn,2,2,1,1.299,1,26,8
18,6,free,4,207,learn,1,1,1,0.612,1,26,8
18,6,free,4,208,learn,6,6,1,0.761,1,26,8
18,6,free,4,209,learn,8,8,1,0.623,1,27,8
18,6,free,4,210,learn,3,3,1,0.898,1,27,8
18,6,free,4,211,learn,6,6,1,0.918,1,27,8
18,6,free,4,212,learn,2,2,1,0.779,1,27,8
18,6,free,4,213,learn,4,4,1,0.702,1,27,8
18,6,free,4,214,learn,7,7,1,1.014,1,27,8
18,6,free,4,215,learn,5,5,1,1.082,1,27,8
18,6,free,4,216,learn,1,1,1,2.035,1,27,8
18,6,free,4,217,learn,4,4,1,0.831,1,28,8
18,6,free,4,218,learn,6,6,1,1.006,1,28,8
18,6,free,4,219,learn,7,7,1,0.729,1,28,8
18,6,free,4,220,learn,8,8,1,0.563,1,28,8
18,6,free,4,221,learn,3,3,1,0.722,1,28,8
18,6,free,4,222,learn,5,5,1,0.888,1,28,8
18,6,free,4,223,learn,3,3,1,0.746,1,29,8
18,6,free,4,224,learn,2,2,1,0.810,1,28,8
18,6,free,4,225,learn,2,2,1,0.330,1,29,8
18,6,free,4,226,learn,1,1,1,0.497,1,28,8
18,6,free,4,227,learn,5,6,0,1.029,1,29,8
18,6,free,4,228,learn,7,7,1,0.822,1,29,8
18,6,free,4,229,learn,1,2,0,1.066,1,29,8
18,6,free,4,230,learn,4,4,1,0.593,1,29,8
18,6,free,4,231,learn,6,6,1,0.897,1,29,8
18,6,free,4,232,learn,8,8,1,1.175,1,29,8
18,6,free,4,233,learn,2,2,1,0.840,1,30,8
18,6,free,4,234,learn,8,8,1,0.689,1,30,8
18,6,free,4,235,learn,6,6,1,0.721,1,30,8
18,6,free,4,236,learn,4,4,1,0.757,1,30,8
18,6,free,4,237,learn,3,3,1,0.617,1,30,8
18,6,free,4,238,learn,7,7,1,1.155,1,30,8
18,6,free,4,239,learn,7,7,1,0.316,1,31,8
18,6,free,4,240,learn,5,5,1,1.536,1,30,8
18,6,free,4,241,learn,2,2,1,0.703,1,31,8
18,6,free,4,242,learn,4,4,1,0.670,1,31,8
18,6,free,4,243,learn,1,1,1,0.540,1,30,8
18,6,free,4,244,learn,5,5,1,0.892,1,31,8
18,6,free,4,245,learn,1,1,1,0.772,1,31,8
18,6,free,4,246,learn,3,3,1,0.731,1,31,8
18,6,free,4,247,learn,4,8,0,0.739,1,32,8
18,6,free,4,248,learn,8,8,1,0.818,1,31,8
18,6,free,4,249,learn,6,6,1,0.864,1,31,8
18,6,free,4,250,learn,6,6,1,0.548,1,32,8
18,6,free,4,251,learn,8,4,0,1.183,1,32,8
18,6,free,4,252,learn,1,1,1,1.041,1,32,8
18,6,free,4,253,learn,2,2,1,0.429,1,32,8
18,6,free,4,254,learn,7,7,1,0.884,1,32,8
18,6,free,4,255,learn,5,5,1,0.848,1,32,8
18,6,free,4,256,learn,3,3,1,0.755,1,32,8
18,6,free,4,257,learn,3,3,1,0.330,1,33,8
18,6,free,4,258,learn,8,8,1,0.675,1,33,8
18,6,free,4,259,learn,5,5,1,1.337,1,33,8
18,6,free,4,260,learn,1,1,1,1.418,1,33,8
18,6,free,4,261,learn,6,6,1,0.723,1,33,8
18,6,free,4,262,learn,4,4,1,0.668,1,33,8
18,6,free,4,263,learn,7,7,1,1.663,1,33,8
18,6,free,4,264,learn,4,4,1,0.735,1,34,8
18,6,free,4,265,learn,5,5,1,1.139,1,34,8
18,6,free,4,266,learn,2,2,1,0.724,1,33,8
18,6,free,4,267,learn,2,2,1,0.372,1,34,8
18,6,free,4,268,learn,7,7,1,0.898,1,34,8
18,6,free,4,269,learn,3,3,1,1.301,1,34,8
18,6,free,4,270,learn,6,6,1,0.699,1,34,8
18,6,free,4,271,learn,1,1,1,0.765,1,34,8
18,6,free,4,272,learn,8,8,1,0.772,1,34,8
18,6,free,4,273,learn,6,6,1,0.770,1,35,8
18,6,free,4,274,learn,2,2,1,1.606,1,35,8
18,6,free,4,275,learn,3,3,1,1.530,1,35,8
18,6,free,4,276,learn,7,7,1,1.300,1,35,8
18,6,free,4,277,learn,4,4,1,0.984,1,35,8
18,6,free,4,278,learn,5,5,1,1.360,1,35,8
18,6,free,4,279,learn,7,7,1,0.771,1,36,8
18,6,free,4,280,learn,3,3,1,2.026,1,36,8
18,6,free,4,281,learn,1,1,1,0.809,1,35,8
18,6,free,4,282,learn,8,8,1,0.920,1,35,8
18,6,free,4,283,learn,1,2,0,2.048,1,36,8
18,6,free,4,284,learn,8,8,1,1.014,1,36,8
18,6,free,4,285,learn,5,5,1,0.856,1,36,8
18,6,free,4,286,learn,2,2,1,0.822,1,36,8
18,6,free,4,287,learn,6,6,1,0.726,1,36,8
18,6,free,4,288,learn,8,8,1,0.743,1,37,8
18,6,free,4,289,learn,3,3,1,0.771,1,37,8
18,6,free,4,290,learn,6,6,1,0.736,1,37,8
18,6,free,4,291,learn,4,4,1,0.778,1,36,8
18,6,free,4,292,learn,4,4,1,0.388,1,37,8
18,6,free,4,293,learn,5,5,1,0.716,1,37,8
18,6,free,4,294,learn,7,7,1,0.760,1,37,8
18,6,free,4,295,learn,3,2,0,1.259,1,38,8
18,6,free,4,296,learn,4,4,1,0.888,1,38,8
18,6,free,4,297,learn,2,2,1,0.952,1,37,8
18,6,free,4,298,learn,1,1,1,0.407,1,37,8
18,6,free,4,299,learn,7,7,1,0.690,1,38,8
18,6,free,4,300,learn,5,5,1,1.022,1,38,8
18,6,free,4,301,learn,2,2,1,1.219,1,38,8
18,6,free,4,302,learn,6,6,1,1.246,1,38,8
18,6,free,4,303,learn,8,8,1,0.827,1,38,8
18,6,free,4,304,learn,1,1,1,0.870,1,38,8
18,6,free,4,305,learn,1,1,1,0.441,1,39,8
18,6,free,4,306,learn,2,2,1,0.798,1,39,8
18,6,free,4,307,learn,4,4,1,0.639,1,39,8
18,6,free,4,308,learn,7,7,1,0.903,1,39,8
18,6,free,4,309,learn,6,6,1,0.901,1,39,8
18,6,free,4,310,learn,3,3,1,0.822,1,39,8
18,6,free,4,311,learn,8,8,1,1.041,1,39,8
18,6,free,4,312,learn,5,5,1,0.849,1,39,8
18,6,free,4,313,learn,8,8,1,0.903,1,40,8
18,6,free,4,314,learn,1,1,1,1.169,1,40,8
18,6,free,4,315,learn,5,6,0,0.865,1,40,8
18,6,free,4,316,learn,2,2,1,0.690,1,40,8
18,6,free,4,317,learn,6,6,1,0.789,1,40,8
18,6,free,4,318,learn,7,7,1,0.817,1,40,8
18,6,free,4,319,learn,4,4,1,0.661,1,40,8
18,6,free,4,320,learn,3,3,1,0.503,1,40,8
18,6,free,4,321,learn,5,5,1,1.562,1,41,8
18,6,free,4,322,learn,7,7,1,1.968,1,41,8
18,6,free,4,323,learn,3,3,1,1.101,1,41,8
18,6,free,4,324,learn,4,4,1,0.464,1,41,8
18,6,free,4,325,learn,1,1,1,0.914,1,41,8
18,6,free,4,326,learn,8,8,1,0.782,1,41,8
18,6,free,4,327,learn,1,1,1,0.767,1,42,8
18,6,free,4,328,learn,6,6,1,0.767,1,41,8
18,6,free,4,329,learn,2,2,1,0.681,1,41,8
18,6,free,4,330,learn,2,2,1,0.349,1,42,8
18,6,free,4,331,learn,4,7,0,1.131,1,42,8
18,6,free,4,332,learn,8,8,1,1.166,1,42,8
18,6,free,4,333,learn,6,6,1,1.153,1,42,8
18,6,free,4,334,learn,5,5,1,0.494,1,42,8
18,6,free,4,335,learn,6,6,1,0.567,1,43,8
18,6,free,4,336,learn,7,7,1,0.977,1,42,8
18,6,free,4,337,learn,3,3,1,0.963,1,42,8
18,6,free,4,338,learn,5,5,1,0.981,1,43,8
18,6,free,4,339,learn,4,4,1,1.788,1,43,8
18,6,free,4,340,learn,3,3,1,0.535,1,43,8
18,6,free,4,341,learn,8,8,1,0.966,1,43,8
18,6,free,4,342,learn,1,1,1,1.031,1,43,8
18,6,free,4,343,learn,1,1,1,0.418,1,44,8
18,6,free,4,344,learn,7,7,1,0.770,1,43,8
18,6,free,4,345,learn,2,2,1,0.780,1,43,8
18,6,free,4,346,learn,3,3,1,0.783,1,44,8
18,6,free,4,347,learn,6,6,1,1.008,1,44,8
18,6,free,4,348,learn,7,7,1,1.094,1,44,8
18,6,free,4,349,learn,4,4,1,1.080,1,44,8
18,6,free,4,350,learn,8,8,1,1.090,1,44,8
18,6,free,4,351,learn,5,6,0,1.683,1,44,8
18,6,free,4,352,learn,2,2,1,0.879,1,44,8
18,6,free,4,353,learn,7,7,1,0.670,1,45,8
18,6,free,4,354,learn,1,1,1,1.411,1,45,8
18,6,free,4,355,learn,2,2,1,0.623,1,45,8
18,6,free,4,356,learn,1,1,1,0.643,1,46,8
18,6,free,4,357,learn,8,8,1,0.681,1,45,8
18,6,free,4,358,learn,8,8,1,0.528,1,46,8
18,6,free,4,359,learn,4,4,1,0.697,1,45,8
18,6,free,4,360,learn,3,3,1,0.563,1,45,8
18,6,free,4,361,learn,6,6,1,0.750,1,45,8
18,6,free,4,362,learn,5,5,1,0.531,1,45,8
18,6,free,4,363,learn,5,5,1,0.428,1,46,8
18,6,free,4,364,learn,4,4,1,0.588,1,46,8
18,6,free,4,365,learn,6,6,1,0.746,1,46,8
18,6,free,4,366,learn,3,3,1,0.896,1,46,8
18,6,free,4,367,learn,2,2,1,0.798,1,46,8
18,6,free,4,368,learn,7,7,1,1.187,1,46,8
18,6,free,4,369,learn,2,2,1,2.001,1,47,8
18,6,free,4,370,learn,1,1,1,0.602,1,47,8
18,6,free,4,371,learn,8,8,1,0.869,1,47,8
18,6,free,4,372,learn,4,4,1,0.630,1,47,8
18,6,free,4,373,learn,3,3,1,0.466,1,47,8
18,6,free,4,374,learn,6,6,1,1.520,1,47,8
18,6,free,4,375,learn,5,5,1,0.486,1,47,8
18,6,free,4,376,learn,7,7,1,0.633,1,47,8
18,6,free,4,377,learn,6,6,1,0.902,1,48,8
18,6,free,4,378,learn,7,7,1,0.603,1,48,8
18,6,free,4,379,learn,2,2,1,2.146,1,48,8
18,6,free,4,380,learn,8,8,1,0.632,1,48,8
18,6,free,4,381,learn,5,6,0,1.147,1,48,8
18,6,free,4,382,learn,5,5,1,0.476,1,49,8
18,6,free,4,383,learn,4,4,1,0.657,1,48,8
18,6,free,4,384,learn,1,2,0,1.165,1,48,8
18,6,free,4,385,learn,3,3,1,0.787,1,48,8
18,6,free,4,386,learn,4,4,1,0.518,1,49,8
18,6,free,4,387,learn,7,7,1,0.909,1,49,8
18,6,free,4,388,learn,1,1,1,0.923,1,49,8
18,6,free,4,389,learn,3,3,1,0.844,1,49,8
18,6,free,4,390,learn,6,6,1,0.816,1,49,8
18,6,free,4,391,learn,8,8,1,0.979,1,49,8
18,6,free,4,392,learn,7,7,1,0.838,1,50,8
18,6,free,4,393,learn,6,6,1,0.821,1,50,8
18,6,free,4,394,learn,2,2,1,1.138,1,49,8
18,6,free,4,395,learn,2,2,1,0.882,1,50,8
18,6,free,4,396,learn,3,3,1,1.081,1,50,8
18,6,free,4,397,learn,5,5,1,0.992,1,50,8
18,6,free,4,398,learn,1,1,1,1.580,1,50,8
18,6,free,4,399,learn,4,4,1,0.852,1,50,8
18,6,free,4,400,learn,7,7,1,0.786,1,51,8
18,6,free,4,401,learn,4,2,0,2.229,1,51,8
18,6,free,4,402,learn,3,3,1,0.639,1,51,8
18,6,free,4,403,learn,8,8,1,0.960,1,50,8
18,6,free,4,404,learn,1,1,1,1.045,1,51,8
18,6,free,4,405,learn,8,7,0,0.648,1,51,8
18,6,free,4,406,learn,6,6,1,0.772,1,51,8
18,6,free,4,407,learn,5,5,1,0.501,1,51,8
18,6,free,4,408,learn,8,8,1,0.587,1,52,8
18,6,free,4,409,learn,2,2,1,0.790,1,51,8
18,6,free,4,410,learn,4,4,1,0.466,1,52,8
18,6,free,4,411,learn,6,6,1,0.692,1,52,8
18,6,free,4,412,learn,5,5,1,0.539,1,52,8
18,6,free,4,413,learn,3,3,1,1.962,1,52,8
18,6,free,4,414,learn,2,2,1,1.552,1,52,8
18,6,free,4,415,learn,7,7,1,0.804,1,52,8
18,6,free,4,416,learn,8,8,1,0.535,1,53,8
18,6,free,4,417,learn,3,2,0,1.011,1,53,8
18,6,free,4,418,learn,6,6,1,0.788,1,53,8
18,6,free,4,419,learn,1,1,1,1.217,1,52,8
18,6,free,4,420,learn,1,1,1,0.373,1,53,8
18,6,free,4,421,learn,4,4,1,0.559,1,53,8
18,6,free,4,422,learn,5,6,0,2.106,1,53,8
18,6,free,4,423,learn,2,2,1,0.806,1,53,8
18,6,free,4,424,learn,1,1,1,1.238,1,54,8
18,6,free,4,425,learn,5,5,1,1.174,1,54,8
18,6,free,4,426,learn,6,6,1,0.443,1,54,8
18,6,free,4,427,learn,7,7,1,0.711,1,53,8
18,6,free,4,428,learn,4,4,1,0.652,1,54,8
18,6,free,4,429,learn,7,7,1,0.765,1,54,8
18,6,free,4,430,learn,3,3,1,1.069,1,54,8
18,6,free,4,431,learn,8,8,1,0.624,1,54,8
18,6,free,4,432,learn,2,2,1,1.376,1,54,8
18,6,free,4,433,learn,2,2,1,0.363,1,55,8
18,6,free,4,434,learn,4,4,1,0.581,1,55,8
18,6,free,4,435,learn,7,7,1,1.467,1,55,8
18,6,free,4,436,learn,6,6,1,2.193,1,55,8
18,6,free,4,437,learn,3,3,1,0.837,1,55,8
18,6,free,4,438,learn,1,1,1,1.103,1,55,8
18,6,free,4,439,learn,8,8,1,0.779,1,55,8
18,6,free,4,440,learn,5,5,1,1.544,1,55,8
